[
    {
        "model": "accounts.address",
        "pk": 5,
        "fields": {
            "user": 5,
            "email": "indiekaj@gmail.com",
            "first_name": "JOSEPH",
            "last_name": "INDIEKA",
            "phone": "0758053542",
            "street_address": "72",
            "apartment": "",
            "city": "LUANDA",
            "county": "Alabama",
            "postal_code": "50300",
            "is_default": false,
            "notes": null
        }
    },
    {
        "model": "accounts.address",
        "pk": 6,
        "fields": {
            "user": 5,
            "email": "indi@gmail.com",
            "first_name": "JOSEPH",
            "last_name": "Alinyo",
            "phone": "0758053542",
            "street_address": "72",
            "apartment": "",
            "city": "LUANDA",
            "county": "Arizona",
            "postal_code": "50301",
            "is_default": false,
            "notes": null
        }
    },
    {
        "model": "accounts.address",
        "pk": 7,
        "fields": {
            "user": 5,
            "email": "indiekaj@gmail.com",
            "first_name": "JOSEPH",
            "last_name": "INDIEKA",
            "phone": "0758053542",
            "street_address": "72",
            "apartment": "",
            "city": "LUANDA",
            "county": "Alabama",
            "postal_code": "50300",
            "is_default": false,
            "notes": null
        }
    },
    {
        "model": "accounts.address",
        "pk": 8,
        "fields": {
            "user": 5,
            "email": "indi@gmail.com",
            "first_name": "JOSEPH",
            "last_name": "Alinyo",
            "phone": "0758053542",
            "street_address": "72",
            "apartment": "",
            "city": "LUANDA",
            "county": "Arizona",
            "postal_code": "50301",
            "is_default": false,
            "notes": null
        }
    },
    {
        "model": "accounts.address",
        "pk": 9,
        "fields": {
            "user": 5,
            "email": "indiekaj@gmail.com",
            "first_name": "JOSEPH",
            "last_name": "INDIEKA",
            "phone": "0758053542",
            "street_address": "72",
            "apartment": "",
            "city": "LUANDA",
            "county": "Alabama",
            "postal_code": "50300",
            "is_default": false,
            "notes": null
        }
    },
    {
        "model": "accounts.address",
        "pk": 10,
        "fields": {
            "user": 5,
            "email": "indi@gmail.com",
            "first_name": "JOSEPH",
            "last_name": "Alinyo",
            "phone": "0758053542",
            "street_address": "72",
            "apartment": "",
            "city": "LUANDA",
            "county": "Arizona",
            "postal_code": "50301",
            "is_default": false,
            "notes": null
        }
    },
    {
        "model": "accounts.address",
        "pk": 11,
        "fields": {
            "user": 5,
            "email": "indiekaj@gmail.com",
            "first_name": "JOSEPH",
            "last_name": "INDIEKA",
            "phone": "0758053542",
            "street_address": "72",
            "apartment": "",
            "city": "LUANDA",
            "county": "Alabama",
            "postal_code": "50300",
            "is_default": false,
            "notes": null
        }
    },
    {
        "model": "accounts.address",
        "pk": 12,
        "fields": {
            "user": 1,
            "email": "test@test.com",
            "first_name": "Joseph",
            "last_name": "Indieka",
            "phone": "0713283900",
            "street_address": "Nairobi",
            "apartment": "",
            "city": "Nairobi",
            "county": "Arizona",
            "postal_code": "00100",
            "is_default": false,
            "notes": null
        }
    },
    {
        "model": "accounts.address",
        "pk": 13,
        "fields": {
            "user": 1,
            "email": "test@test.com",
            "first_name": "Joseph",
            "last_name": "Indieka",
            "phone": "0713283900",
            "street_address": "Nairobi",
            "apartment": "",
            "city": "Nairobi",
            "county": "Alaska",
            "postal_code": "00100",
            "is_default": false,
            "notes": null
        }
    },
    {
        "model": "accounts.address",
        "pk": 14,
        "fields": {
            "user": 1,
            "email": "test@test.com",
            "first_name": "Joseph",
            "last_name": "Indieka",
            "phone": "0713283900",
            "street_address": "Nairobi",
            "apartment": "",
            "city": "Nairobi",
            "county": "Alaska",
            "postal_code": "00100",
            "is_default": false,
            "notes": null
        }
    },
    {
        "model": "accounts.address",
        "pk": 15,
        "fields": {
            "user": 1,
            "email": "test@test.com",
            "first_name": "Joseph",
            "last_name": "Indieka",
            "phone": "0713283900",
            "street_address": "Nairobi",
            "apartment": "",
            "city": "Nairobi",
            "county": "Alaska",
            "postal_code": "00100",
            "is_default": false,
            "notes": null
        }
    },
    {
        "model": "accounts.address",
        "pk": 16,
        "fields": {
            "user": 1,
            "email": "test@test.com",
            "first_name": "Joseph",
            "last_name": "Indieka",
            "phone": "0713283900",
            "street_address": "Nairobi",
            "apartment": "",
            "city": "Nairobi",
            "county": "Alabama",
            "postal_code": "00100",
            "is_default": false,
            "notes": null
        }
    },
    {
        "model": "accounts.address",
        "pk": 17,
        "fields": {
            "user": 1,
            "email": "test@test.com",
            "first_name": "Joseph",
            "last_name": "Indieka",
            "phone": "0713283900",
            "street_address": "Nairobi",
            "apartment": "",
            "city": "Nairobi",
            "county": "Alabama",
            "postal_code": "00100",
            "is_default": false,
            "notes": null
        }
    },
    {
        "model": "accounts.address",
        "pk": 18,
        "fields": {
            "user": 1,
            "email": "test@test.com",
            "first_name": "Joseph",
            "last_name": "Indieka",
            "phone": "0713283900",
            "street_address": "Nairobi",
            "apartment": "",
            "city": "Nairobi",
            "county": "Alabama",
            "postal_code": "00100",
            "is_default": false,
            "notes": null
        }
    },
    {
        "model": "accounts.address",
        "pk": 19,
        "fields": {
            "user": 1,
            "email": "test@test.com",
            "first_name": "Joseph",
            "last_name": "Indieka",
            "phone": "0713283900",
            "street_address": "Nairobi",
            "apartment": "",
            "city": "Nairobi",
            "county": "Alabama",
            "postal_code": "00100",
            "is_default": false,
            "notes": null
        }
    },
    {
        "model": "accounts.address",
        "pk": 20,
        "fields": {
            "user": 1,
            "email": "test@test.com",
            "first_name": "Joseph",
            "last_name": "Omuyaku",
            "phone": "0713283900",
            "street_address": "Nairobi",
            "apartment": "",
            "city": "Nairobi",
            "county": "Alabama",
            "postal_code": "00100",
            "is_default": false,
            "notes": null
        }
    },
    {
        "model": "accounts.address",
        "pk": 21,
        "fields": {
            "user": 1,
            "email": "test@test.com",
            "first_name": "Joseph",
            "last_name": "Indieka",
            "phone": "0713283900",
            "street_address": "Nairobi",
            "apartment": "",
            "city": "Nairobi",
            "county": "Alabama",
            "postal_code": "00100",
            "is_default": false,
            "notes": null
        }
    },
    {
        "model": "accounts.address",
        "pk": 22,
        "fields": {
            "user": 1,
            "email": "test@test.com",
            "first_name": "Joseph",
            "last_name": "Indieka",
            "phone": "0713283900",
            "street_address": "Nairobi",
            "apartment": "",
            "city": "Nairobi",
            "county": "Alabama",
            "postal_code": "00100",
            "is_default": false,
            "notes": null
        }
    },
    {
        "model": "accounts.address",
        "pk": 23,
        "fields": {
            "user": 1,
            "email": "test@test.com",
            "first_name": "Joseph",
            "last_name": "Indieka",
            "phone": "0713283900",
            "street_address": "Nairobi",
            "apartment": "",
            "city": "Nairobi",
            "county": "Alabama",
            "postal_code": "00100",
            "is_default": false,
            "notes": null
        }
    },
    {
        "model": "accounts.address",
        "pk": 24,
        "fields": {
            "user": 1,
            "email": "test@test.com",
            "first_name": "Joseph",
            "last_name": "Indieka",
            "phone": "0713283900",
            "street_address": "Nairobi",
            "apartment": "",
            "city": "Nairobi",
            "county": "Alabama",
            "postal_code": "00100",
            "is_default": false,
            "notes": null
        }
    },
    {
        "model": "accounts.address",
        "pk": 25,
        "fields": {
            "user": 1,
            "email": "test@test.com",
            "first_name": "Joseph",
            "last_name": "Indieka",
            "phone": "0713283900",
            "street_address": "Nairobi",
            "apartment": "",
            "city": "Nairobi",
            "county": "Alabama",
            "postal_code": "00100",
            "is_default": false,
            "notes": null
        }
    },
    {
        "model": "accounts.address",
        "pk": 26,
        "fields": {
            "user": 1,
            "email": "test@test.com",
            "first_name": "Joseph",
            "last_name": "Indieka",
            "phone": "0713283900",
            "street_address": "Nairobi",
            "apartment": "",
            "city": "Nairobi",
            "county": "Alaska",
            "postal_code": "00100",
            "is_default": false,
            "notes": null
        }
    },
    {
        "model": "accounts.address",
        "pk": 27,
        "fields": {
            "user": 1,
            "email": "test@test.com",
            "first_name": "Joseph",
            "last_name": "Indieka",
            "phone": "0713283900",
            "street_address": "Nairobi",
            "apartment": "",
            "city": "Nairobi",
            "county": "Alaska",
            "postal_code": "00100",
            "is_default": false,
            "notes": null
        }
    },
    {
        "model": "accounts.address",
        "pk": 28,
        "fields": {
            "user": 1,
            "email": "test@test.com",
            "first_name": "Joseph",
            "last_name": "Indieka",
            "phone": "0713283900",
            "street_address": "Nairobi",
            "apartment": "",
            "city": "Nairobi",
            "county": "Alaska",
            "postal_code": "00100",
            "is_default": false,
            "notes": null
        }
    },
    {
        "model": "accounts.address",
        "pk": 29,
        "fields": {
            "user": 1,
            "email": "test@test.com",
            "first_name": "Joseph",
            "last_name": "Indieka",
            "phone": "0713283900",
            "street_address": "Nairobi",
            "apartment": "",
            "city": "Nairobi",
            "county": "Alabama",
            "postal_code": "00100",
            "is_default": false,
            "notes": null
        }
    },
    {
        "model": "accounts.address",
        "pk": 30,
        "fields": {
            "user": 1,
            "email": "test@test.com",
            "first_name": "Joseph",
            "last_name": "Indieka",
            "phone": "0713283900",
            "street_address": "Nairobi",
            "apartment": "",
            "city": "Nairobi",
            "county": "Alabama",
            "postal_code": "00100",
            "is_default": false,
            "notes": null
        }
    },
    {
        "model": "accounts.address",
        "pk": 31,
        "fields": {
            "user": 1,
            "email": "test@test.com",
            "first_name": "Joseph",
            "last_name": "Indieka",
            "phone": "0713283900",
            "street_address": "Nairobi",
            "apartment": "",
            "city": "Nairobi",
            "county": "Alabama",
            "postal_code": "00100",
            "is_default": false,
            "notes": null
        }
    },
    {
        "model": "accounts.address",
        "pk": 32,
        "fields": {
            "user": 1,
            "email": "test@test.com",
            "first_name": "Joseph",
            "last_name": "Indieka",
            "phone": "0713283900",
            "street_address": "Nairobi",
            "apartment": "",
            "city": "Nairobi",
            "county": "Alabama",
            "postal_code": "00100",
            "is_default": false,
            "notes": null
        }
    },
    {
        "model": "accounts.address",
        "pk": 33,
        "fields": {
            "user": 1,
            "email": "test@test.com",
            "first_name": "Joseph",
            "last_name": "Indieka",
            "phone": "0713283900",
            "street_address": "Nairobi",
            "apartment": "",
            "city": "Nairobi",
            "county": "Alaska",
            "postal_code": "00100",
            "is_default": false,
            "notes": null
        }
    },
    {
        "model": "accounts.address",
        "pk": 34,
        "fields": {
            "user": 1,
            "email": "test@test.com",
            "first_name": "Joseph",
            "last_name": "Indieka",
            "phone": "0713283900",
            "street_address": "Nairobi",
            "apartment": "",
            "city": "Nairobi",
            "county": "Alaska",
            "postal_code": "00100",
            "is_default": false,
            "notes": null
        }
    },
    {
        "model": "accounts.address",
        "pk": 35,
        "fields": {
            "user": 5,
            "email": "indiekaj@gmail.com",
            "first_name": "JOSEPH",
            "last_name": "INDIEKA",
            "phone": "0758053542",
            "street_address": "72",
            "apartment": "",
            "city": "LUANDA",
            "county": "Alabama",
            "postal_code": "50300",
            "is_default": false,
            "notes": null
        }
    },
    {
        "model": "accounts.address",
        "pk": 36,
        "fields": {
            "user": 5,
            "email": "indi@gmail.com",
            "first_name": "JOSEPH",
            "last_name": "Alinyo",
            "phone": "0758053542",
            "street_address": "72",
            "apartment": "",
            "city": "LUANDA",
            "county": "Alabama",
            "postal_code": "50301",
            "is_default": false,
            "notes": null
        }
    },
    {
        "model": "accounts.address",
        "pk": 37,
        "fields": {
            "user": 5,
            "email": "indi@gmail.com",
            "first_name": "JOSEPH",
            "last_name": "Alinyo",
            "phone": "0758053542",
            "street_address": "72",
            "apartment": "",
            "city": "LUANDA",
            "county": "Alabama",
            "postal_code": "50301",
            "is_default": false,
            "notes": null
        }
    },
    {
        "model": "accounts.address",
        "pk": 38,
        "fields": {
            "user": 5,
            "email": "indi@gmail.com",
            "first_name": "JOSEPH",
            "last_name": "Alinyo",
            "phone": "0758053542",
            "street_address": "72",
            "apartment": "",
            "city": "LUANDA",
            "county": "Alabama",
            "postal_code": "50301",
            "is_default": false,
            "notes": null
        }
    },
    {
        "model": "accounts.address",
        "pk": 39,
        "fields": {
            "user": 5,
            "email": "indi@gmail.com",
            "first_name": "JOSEPH",
            "last_name": "Alinyo",
            "phone": "0758053542",
            "street_address": "72",
            "apartment": "",
            "city": "LUANDA",
            "county": "Alabama",
            "postal_code": "50301",
            "is_default": false,
            "notes": null
        }
    },
    {
        "model": "accounts.address",
        "pk": 40,
        "fields": {
            "user": 5,
            "email": "indi@gmail.com",
            "first_name": "JOSEPH",
            "last_name": "Alinyo",
            "phone": "0758053542",
            "street_address": "72",
            "apartment": "",
            "city": "LUANDA",
            "county": "Alabama",
            "postal_code": "50301",
            "is_default": false,
            "notes": null
        }
    },
    {
        "model": "accounts.address",
        "pk": 41,
        "fields": {
            "user": 5,
            "email": "indi@gmail.com",
            "first_name": "JOSEPH",
            "last_name": "Alinyo",
            "phone": "0758053542",
            "street_address": "72",
            "apartment": "",
            "city": "LUANDA",
            "county": "Alabama",
            "postal_code": "50301",
            "is_default": false,
            "notes": null
        }
    },
    {
        "model": "accounts.address",
        "pk": 42,
        "fields": {
            "user": 5,
            "email": "indi@gmail.com",
            "first_name": "JOSEPH",
            "last_name": "Alinyo",
            "phone": "0758053542",
            "street_address": "72",
            "apartment": "",
            "city": "LUANDA",
            "county": "Alabama",
            "postal_code": "50301",
            "is_default": false,
            "notes": null
        }
    },
    {
        "model": "accounts.address",
        "pk": 43,
        "fields": {
            "user": 5,
            "email": "indi@gmail.com",
            "first_name": "JOSEPH",
            "last_name": "Alinyo",
            "phone": "0758053542",
            "street_address": "72",
            "apartment": "",
            "city": "LUANDA",
            "county": "Alabama",
            "postal_code": "50301",
            "is_default": false,
            "notes": null
        }
    },
    {
        "model": "accounts.address",
        "pk": 44,
        "fields": {
            "user": 5,
            "email": "indi@gmail.com",
            "first_name": "JOSEPH",
            "last_name": "Alinyo",
            "phone": "0758053542",
            "street_address": "72",
            "apartment": "",
            "city": "LUANDA",
            "county": "Alabama",
            "postal_code": "50301",
            "is_default": false,
            "notes": null
        }
    },
    {
        "model": "accounts.address",
        "pk": 45,
        "fields": {
            "user": 5,
            "email": "indi@gmail.com",
            "first_name": "JOSEPH",
            "last_name": "Alinyo",
            "phone": "0758053542",
            "street_address": "72",
            "apartment": "",
            "city": "LUANDA",
            "county": "Alabama",
            "postal_code": "50301",
            "is_default": false,
            "notes": null
        }
    },
    {
        "model": "accounts.address",
        "pk": 46,
        "fields": {
            "user": 5,
            "email": "indi@gmail.com",
            "first_name": "JOSEPH",
            "last_name": "Alinyo",
            "phone": "0758053542",
            "street_address": "72",
            "apartment": "",
            "city": "LUANDA",
            "county": "Alabama",
            "postal_code": "50301",
            "is_default": false,
            "notes": null
        }
    },
    {
        "model": "accounts.address",
        "pk": 47,
        "fields": {
            "user": 5,
            "email": "indi@gmail.com",
            "first_name": "JOSEPH",
            "last_name": "Alinyo",
            "phone": "0758053542",
            "street_address": "72",
            "apartment": "",
            "city": "LUANDA",
            "county": "Alabama",
            "postal_code": "50301",
            "is_default": false,
            "notes": null
        }
    },
    {
        "model": "accounts.address",
        "pk": 48,
        "fields": {
            "user": 5,
            "email": "indi@gmail.com",
            "first_name": "JOSEPH",
            "last_name": "Alinyo",
            "phone": "0758053542",
            "street_address": "72",
            "apartment": "",
            "city": "LUANDA",
            "county": "Alabama",
            "postal_code": "50301",
            "is_default": false,
            "notes": null
        }
    },
    {
        "model": "accounts.address",
        "pk": 49,
        "fields": {
            "user": 5,
            "email": "indi@gmail.com",
            "first_name": "JOSEPH",
            "last_name": "Alinyo",
            "phone": "0758053542",
            "street_address": "72",
            "apartment": "",
            "city": "LUANDA",
            "county": "Alabama",
            "postal_code": "50301",
            "is_default": false,
            "notes": null
        }
    },
    {
        "model": "accounts.address",
        "pk": 50,
        "fields": {
            "user": 5,
            "email": "indi@gmail.com",
            "first_name": "JOSEPH",
            "last_name": "Alinyo",
            "phone": "0758053542",
            "street_address": "72",
            "apartment": "",
            "city": "LUANDA",
            "county": "Alabama",
            "postal_code": "50301",
            "is_default": false,
            "notes": null
        }
    },
    {
        "model": "accounts.address",
        "pk": 51,
        "fields": {
            "user": 5,
            "email": "indi@gmail.com",
            "first_name": "JOSEPH",
            "last_name": "Alinyo",
            "phone": "0758053542",
            "street_address": "72",
            "apartment": "",
            "city": "LUANDA",
            "county": "Alabama",
            "postal_code": "50301",
            "is_default": false,
            "notes": null
        }
    },
    {
        "model": "accounts.address",
        "pk": 52,
        "fields": {
            "user": 5,
            "email": "indi@gmail.com",
            "first_name": "JOSEPH",
            "last_name": "Alinyo",
            "phone": "0758053542",
            "street_address": "72",
            "apartment": "",
            "city": "LUANDA",
            "county": "Alabama",
            "postal_code": "50301",
            "is_default": false,
            "notes": null
        }
    },
    {
        "model": "accounts.address",
        "pk": 53,
        "fields": {
            "user": 5,
            "email": "indi@gmail.com",
            "first_name": "JOSEPH",
            "last_name": "Alinyo",
            "phone": "0758053542",
            "street_address": "72",
            "apartment": "",
            "city": "LUANDA",
            "county": "Alabama",
            "postal_code": "50301",
            "is_default": false,
            "notes": null
        }
    },
    {
        "model": "accounts.address",
        "pk": 54,
        "fields": {
            "user": 5,
            "email": "indi@gmail.com",
            "first_name": "JOSEPH",
            "last_name": "Alinyo",
            "phone": "0758053542",
            "street_address": "72",
            "apartment": "",
            "city": "LUANDA",
            "county": "Alabama",
            "postal_code": "50301",
            "is_default": false,
            "notes": null
        }
    },
    {
        "model": "accounts.address",
        "pk": 55,
        "fields": {
            "user": 5,
            "email": "indi@gmail.com",
            "first_name": "JOSEPH",
            "last_name": "Alinyo",
            "phone": "0758053542",
            "street_address": "72",
            "apartment": "",
            "city": "LUANDA",
            "county": "Alabama",
            "postal_code": "50301",
            "is_default": false,
            "notes": null
        }
    },
    {
        "model": "accounts.address",
        "pk": 56,
        "fields": {
            "user": 5,
            "email": "indi@gmail.com",
            "first_name": "JOSEPH",
            "last_name": "Alinyo",
            "phone": "0758053542",
            "street_address": "72",
            "apartment": "",
            "city": "LUANDA",
            "county": "Alabama",
            "postal_code": "50301",
            "is_default": false,
            "notes": null
        }
    },
    {
        "model": "accounts.address",
        "pk": 57,
        "fields": {
            "user": 5,
            "email": "indi@gmail.com",
            "first_name": "JOSEPH",
            "last_name": "Alinyo",
            "phone": "0758053542",
            "street_address": "72",
            "apartment": "",
            "city": "LUANDA",
            "county": "Alabama",
            "postal_code": "50301",
            "is_default": false,
            "notes": null
        }
    },
    {
        "model": "accounts.address",
        "pk": 58,
        "fields": {
            "user": 5,
            "email": "indi@gmail.com",
            "first_name": "JOSEPH",
            "last_name": "Alinyo",
            "phone": "0758053542",
            "street_address": "72",
            "apartment": "",
            "city": "LUANDA",
            "county": "Alabama",
            "postal_code": "50301",
            "is_default": false,
            "notes": null
        }
    },
    {
        "model": "accounts.address",
        "pk": 59,
        "fields": {
            "user": 5,
            "email": "indi@gmail.com",
            "first_name": "JOSEPH",
            "last_name": "Alinyo",
            "phone": "0758053542",
            "street_address": "72",
            "apartment": "",
            "city": "LUANDA",
            "county": "Alabama",
            "postal_code": "50301",
            "is_default": false,
            "notes": null
        }
    },
    {
        "model": "accounts.address",
        "pk": 60,
        "fields": {
            "user": 5,
            "email": "indi@gmail.com",
            "first_name": "JOSEPH",
            "last_name": "Alinyo",
            "phone": "0758053542",
            "street_address": "72",
            "apartment": "",
            "city": "LUANDA",
            "county": "Alabama",
            "postal_code": "50301",
            "is_default": false,
            "notes": null
        }
    },
    {
        "model": "accounts.address",
        "pk": 61,
        "fields": {
            "user": 5,
            "email": "indi@gmail.com",
            "first_name": "JOSEPH",
            "last_name": "Alinyo",
            "phone": "0758053542",
            "street_address": "72",
            "apartment": "",
            "city": "LUANDA",
            "county": "Alabama",
            "postal_code": "50301",
            "is_default": false,
            "notes": null
        }
    },
    {
        "model": "accounts.address",
        "pk": 62,
        "fields": {
            "user": 5,
            "email": "indi@gmail.com",
            "first_name": "JOSEPH",
            "last_name": "Alinyo",
            "phone": "0758053542",
            "street_address": "72",
            "apartment": "",
            "city": "LUANDA",
            "county": "Alabama",
            "postal_code": "50301",
            "is_default": false,
            "notes": null
        }
    },
    {
        "model": "accounts.address",
        "pk": 63,
        "fields": {
            "user": 5,
            "email": "indi@gmail.com",
            "first_name": "JOSEPH",
            "last_name": "Alinyo",
            "phone": "0758053542",
            "street_address": "72",
            "apartment": "",
            "city": "LUANDA",
            "county": "Alabama",
            "postal_code": "50301",
            "is_default": false,
            "notes": null
        }
    },
    {
        "model": "accounts.address",
        "pk": 64,
        "fields": {
            "user": 5,
            "email": "indi@gmail.com",
            "first_name": "JOSEPH",
            "last_name": "Alinyo",
            "phone": "0758053542",
            "street_address": "72",
            "apartment": "",
            "city": "LUANDA",
            "county": "Alabama",
            "postal_code": "50301",
            "is_default": false,
            "notes": null
        }
    },
    {
        "model": "accounts.address",
        "pk": 65,
        "fields": {
            "user": 5,
            "email": "indi@gmail.com",
            "first_name": "JOSEPH",
            "last_name": "Alinyo",
            "phone": "0758053542",
            "street_address": "72",
            "apartment": "",
            "city": "LUANDA",
            "county": "Alabama",
            "postal_code": "50301",
            "is_default": false,
            "notes": null
        }
    },
    {
        "model": "accounts.address",
        "pk": 66,
        "fields": {
            "user": 5,
            "email": "indi@gmail.com",
            "first_name": "JOSEPH",
            "last_name": "Alinyo",
            "phone": "0758053542",
            "street_address": "72",
            "apartment": "",
            "city": "LUANDA",
            "county": "Alabama",
            "postal_code": "50301",
            "is_default": false,
            "notes": null
        }
    },
    {
        "model": "accounts.address",
        "pk": 67,
        "fields": {
            "user": 5,
            "email": "indi@gmail.com",
            "first_name": "JOSEPH",
            "last_name": "Alinyo",
            "phone": "0758053542",
            "street_address": "72",
            "apartment": "",
            "city": "LUANDA",
            "county": "Alabama",
            "postal_code": "50301",
            "is_default": false,
            "notes": null
        }
    },
    {
        "model": "accounts.address",
        "pk": 68,
        "fields": {
            "user": 5,
            "email": "indi@gmail.com",
            "first_name": "JOSEPH",
            "last_name": "Alinyo",
            "phone": "0758053542",
            "street_address": "72",
            "apartment": "",
            "city": "LUANDA",
            "county": "Alabama",
            "postal_code": "50301",
            "is_default": false,
            "notes": null
        }
    },
    {
        "model": "accounts.address",
        "pk": 69,
        "fields": {
            "user": 5,
            "email": "indi@gmail.com",
            "first_name": "JOSEPH",
            "last_name": "Alinyo",
            "phone": "0758053542",
            "street_address": "72",
            "apartment": "",
            "city": "LUANDA",
            "county": "Alabama",
            "postal_code": "50301",
            "is_default": false,
            "notes": null
        }
    },
    {
        "model": "accounts.address",
        "pk": 70,
        "fields": {
            "user": 5,
            "email": "indi@gmail.com",
            "first_name": "JOSEPH",
            "last_name": "Alinyo",
            "phone": "0758053542",
            "street_address": "72",
            "apartment": "",
            "city": "LUANDA",
            "county": "Alabama",
            "postal_code": "50301",
            "is_default": false,
            "notes": null
        }
    },
    {
        "model": "accounts.address",
        "pk": 71,
        "fields": {
            "user": 5,
            "email": "indi@gmail.com",
            "first_name": "JOSEPH",
            "last_name": "Alinyo",
            "phone": "0758053542",
            "street_address": "72",
            "apartment": "",
            "city": "LUANDA",
            "county": "Alabama",
            "postal_code": "50301",
            "is_default": false,
            "notes": null
        }
    },
    {
        "model": "accounts.address",
        "pk": 72,
        "fields": {
            "user": 5,
            "email": "indi@gmail.com",
            "first_name": "JOSEPH",
            "last_name": "Alinyo",
            "phone": "0758053542",
            "street_address": "72",
            "apartment": "",
            "city": "LUANDA",
            "county": "Alabama",
            "postal_code": "50301",
            "is_default": false,
            "notes": null
        }
    },
    {
        "model": "accounts.address",
        "pk": 73,
        "fields": {
            "user": 5,
            "email": "indi@gmail.com",
            "first_name": "JOSEPH",
            "last_name": "Alinyo",
            "phone": "0758053542",
            "street_address": "72",
            "apartment": "",
            "city": "LUANDA",
            "county": "Alabama",
            "postal_code": "50301",
            "is_default": false,
            "notes": null
        }
    },
    {
        "model": "accounts.address",
        "pk": 74,
        "fields": {
            "user": 5,
            "email": "indi@gmail.com",
            "first_name": "JOSEPH",
            "last_name": "Alinyo",
            "phone": "0758053542",
            "street_address": "72",
            "apartment": "",
            "city": "LUANDA",
            "county": "Alabama",
            "postal_code": "50301",
            "is_default": false,
            "notes": null
        }
    },
    {
        "model": "accounts.address",
        "pk": 75,
        "fields": {
            "user": 5,
            "email": "indi@gmail.com",
            "first_name": "JOSEPH",
            "last_name": "Alinyo",
            "phone": "0758053542",
            "street_address": "72",
            "apartment": "",
            "city": "LUANDA",
            "county": "Alabama",
            "postal_code": "50301",
            "is_default": false,
            "notes": null
        }
    },
    {
        "model": "accounts.address",
        "pk": 76,
        "fields": {
            "user": 5,
            "email": "indi@gmail.com",
            "first_name": "JOSEPH",
            "last_name": "Alinyo",
            "phone": "0758053542",
            "street_address": "72",
            "apartment": "",
            "city": "LUANDA",
            "county": "Alabama",
            "postal_code": "50301",
            "is_default": false,
            "notes": null
        }
    },
    {
        "model": "accounts.address",
        "pk": 77,
        "fields": {
            "user": 5,
            "email": "indi@gmail.com",
            "first_name": "JOSEPH",
            "last_name": "Alinyo",
            "phone": "0758053542",
            "street_address": "72",
            "apartment": "",
            "city": "LUANDA",
            "county": "Alabama",
            "postal_code": "50301",
            "is_default": false,
            "notes": null
        }
    },
    {
        "model": "accounts.address",
        "pk": 78,
        "fields": {
            "user": 5,
            "email": "indi@gmail.com",
            "first_name": "JOSEPH",
            "last_name": "Alinyo",
            "phone": "0758053542",
            "street_address": "72",
            "apartment": "",
            "city": "LUANDA",
            "county": "Alabama",
            "postal_code": "50301",
            "is_default": false,
            "notes": null
        }
    },
    {
        "model": "accounts.address",
        "pk": 79,
        "fields": {
            "user": 5,
            "email": "indi@gmail.com",
            "first_name": "JOSEPH",
            "last_name": "Alinyo",
            "phone": "0758053542",
            "street_address": "72",
            "apartment": "",
            "city": "LUANDA",
            "county": "Alabama",
            "postal_code": "50301",
            "is_default": false,
            "notes": null
        }
    },
    {
        "model": "accounts.address",
        "pk": 80,
        "fields": {
            "user": 5,
            "email": "indi@gmail.com",
            "first_name": "JOSEPH",
            "last_name": "Alinyo",
            "phone": "0758053542",
            "street_address": "72",
            "apartment": "",
            "city": "LUANDA",
            "county": "Alabama",
            "postal_code": "50301",
            "is_default": false,
            "notes": null
        }
    },
    {
        "model": "accounts.address",
        "pk": 81,
        "fields": {
            "user": 5,
            "email": "indi@gmail.com",
            "first_name": "JOSEPH",
            "last_name": "Alinyo",
            "phone": "0758053542",
            "street_address": "72",
            "apartment": "",
            "city": "LUANDA",
            "county": "Alabama",
            "postal_code": "50301",
            "is_default": false,
            "notes": null
        }
    },
    {
        "model": "accounts.address",
        "pk": 82,
        "fields": {
            "user": 1,
            "email": "test@test.com",
            "first_name": "Joseph",
            "last_name": "Indieka",
            "phone": "0713283900",
            "street_address": "Nairobi",
            "apartment": "",
            "city": "Nairobi",
            "county": "Alaska",
            "postal_code": "00100",
            "is_default": false,
            "notes": null
        }
    },
    {
        "model": "accounts.address",
        "pk": 83,
        "fields": {
            "user": 1,
            "email": "test@test.com",
            "first_name": "Joseph",
            "last_name": "Indieka",
            "phone": "0713283900",
            "street_address": "Nairobi",
            "apartment": "",
            "city": "Nairobi",
            "county": "Alaska",
            "postal_code": "00100",
            "is_default": false,
            "notes": null
        }
    },
    {
        "model": "accounts.address",
        "pk": 84,
        "fields": {
            "user": 1,
            "email": "test@test.com",
            "first_name": "Joseph",
            "last_name": "Indieka",
            "phone": "0713283900",
            "street_address": "Nairobi",
            "apartment": "",
            "city": "Nairobi",
            "county": "Alaska",
            "postal_code": "00100",
            "is_default": false,
            "notes": null
        }
    },
    {
        "model": "accounts.address",
        "pk": 85,
        "fields": {
            "user": 1,
            "email": "test@test.com",
            "first_name": "Joseph",
            "last_name": "Indieka",
            "phone": "0713283900",
            "street_address": "Nairobi",
            "apartment": "",
            "city": "Nairobi",
            "county": "Alaska",
            "postal_code": "00100",
            "is_default": false,
            "notes": null
        }
    },
    {
        "model": "accounts.address",
        "pk": 86,
        "fields": {
            "user": 1,
            "email": "test@test.com",
            "first_name": "Joseph",
            "last_name": "Indieka",
            "phone": "0713283900",
            "street_address": "Nairobi",
            "apartment": "",
            "city": "Nairobi",
            "county": "Alabama",
            "postal_code": "00100",
            "is_default": false,
            "notes": null
        }
    },
    {
        "model": "accounts.address",
        "pk": 87,
        "fields": {
            "user": 1,
            "email": "test@test.com",
            "first_name": "Joseph",
            "last_name": "Indieka",
            "phone": "0713283900",
            "street_address": "Nairobi",
            "apartment": "",
            "city": "Nairobi",
            "county": "Alabama",
            "postal_code": "00100",
            "is_default": false,
            "notes": null
        }
    },
    {
        "model": "accounts.address",
        "pk": 88,
        "fields": {
            "user": 1,
            "email": "test@test.com",
            "first_name": "Joseph",
            "last_name": "Indieka",
            "phone": "0713283900",
            "street_address": "Nairobi",
            "apartment": "",
            "city": "Nairobi",
            "county": "Alabama",
            "postal_code": "00100",
            "is_default": false,
            "notes": null
        }
    },
    {
        "model": "accounts.address",
        "pk": 89,
        "fields": {
            "user": 1,
            "email": "test@test.com",
            "first_name": "Joseph",
            "last_name": "Indieka",
            "phone": "0713283900",
            "street_address": "Nairobi",
            "apartment": "",
            "city": "Nairobi",
            "county": "Alabama",
            "postal_code": "00100",
            "is_default": false,
            "notes": null
        }
    },
    {
        "model": "accounts.address",
        "pk": 90,
        "fields": {
            "user": 1,
            "email": "test@test.com",
            "first_name": "Joseph",
            "last_name": "Indieka",
            "phone": "0713283900",
            "street_address": "Nairobi",
            "apartment": "",
            "city": "Nairobi",
            "county": "Alabama",
            "postal_code": "00100",
            "is_default": false,
            "notes": null
        }
    },
    {
        "model": "accounts.address",
        "pk": 91,
        "fields": {
            "user": 1,
            "email": "test@test.com",
            "first_name": "Joseph",
            "last_name": "Indieka",
            "phone": "0713283900",
            "street_address": "Nairobi",
            "apartment": "",
            "city": "Nairobi",
            "county": "Alabama",
            "postal_code": "00100",
            "is_default": false,
            "notes": null
        }
    },
    {
        "model": "accounts.address",
        "pk": 92,
        "fields": {
            "user": 1,
            "email": "test@test.com",
            "first_name": "Joseph",
            "last_name": "Indieka",
            "phone": "0713283900",
            "street_address": "Nairobi",
            "apartment": "",
            "city": "Nairobi",
            "county": "Alabama",
            "postal_code": "00100",
            "is_default": false,
            "notes": null
        }
    },
    {
        "model": "accounts.address",
        "pk": 93,
        "fields": {
            "user": 1,
            "email": "test@test.com",
            "first_name": "Joseph",
            "last_name": "Indieka",
            "phone": "0713283900",
            "street_address": "Nairobi",
            "apartment": "",
            "city": "Nairobi",
            "county": "Alabama",
            "postal_code": "00100",
            "is_default": false,
            "notes": null
        }
    },
    {
        "model": "accounts.address",
        "pk": 94,
        "fields": {
            "user": 1,
            "email": "test@test.com",
            "first_name": "Joseph",
            "last_name": "Indieka",
            "phone": "0713283900",
            "street_address": "Nairobi",
            "apartment": "",
            "city": "Nairobi",
            "county": "Alabama",
            "postal_code": "00100",
            "is_default": false,
            "notes": null
        }
    },
    {
        "model": "accounts.address",
        "pk": 95,
        "fields": {
            "user": 1,
            "email": "test@test.com",
            "first_name": "Joseph",
            "last_name": "Indieka",
            "phone": "0713283900",
            "street_address": "Nairobi",
            "apartment": "",
            "city": "Nairobi",
            "county": "Alabama",
            "postal_code": "00100",
            "is_default": false,
            "notes": null
        }
    },
    {
        "model": "accounts.address",
        "pk": 96,
        "fields": {
            "user": 1,
            "email": "test@test.com",
            "first_name": "Joseph",
            "last_name": "Indieka",
            "phone": "0713283900",
            "street_address": "Nairobi",
            "apartment": "",
            "city": "Nairobi",
            "county": "Alabama",
            "postal_code": "00100",
            "is_default": false,
            "notes": null
        }
    },
    {
        "model": "accounts.address",
        "pk": 97,
        "fields": {
            "user": 1,
            "email": "test@test.com",
            "first_name": "Joseph",
            "last_name": "Indieka",
            "phone": "0713283900",
            "street_address": "Nairobi",
            "apartment": "",
            "city": "Nairobi",
            "county": "Alabama",
            "postal_code": "00100",
            "is_default": false,
            "notes": null
        }
    },
    {
        "model": "accounts.address",
        "pk": 98,
        "fields": {
            "user": 1,
            "email": "test@test.com",
            "first_name": "Joseph",
            "last_name": "Indieka",
            "phone": "0713283900",
            "street_address": "Nairobi",
            "apartment": "",
            "city": "Nairobi",
            "county": "Alabama",
            "postal_code": "00100",
            "is_default": false,
            "notes": null
        }
    },
    {
        "model": "accounts.address",
        "pk": 99,
        "fields": {
            "user": 1,
            "email": "test@test.com",
            "first_name": "Joseph",
            "last_name": "Indieka",
            "phone": "0758053542",
            "street_address": "Nairobi",
            "apartment": "",
            "city": "Nairobi",
            "county": "Alabama",
            "postal_code": "00100",
            "is_default": false,
            "notes": null
        }
    },
    {
        "model": "accounts.address",
        "pk": 100,
        "fields": {
            "user": 1,
            "email": "test@test.com",
            "first_name": "Joseph",
            "last_name": "Indieka",
            "phone": "0713283900",
            "street_address": "Nairobi",
            "apartment": "",
            "city": "Nairobi",
            "county": "Alabama",
            "postal_code": "00100",
            "is_default": false,
            "notes": null
        }
    },
    {
        "model": "accounts.address",
        "pk": 101,
        "fields": {
            "user": 1,
            "email": "test@test.com",
            "first_name": "Joseph",
            "last_name": "Indieka",
            "phone": "0713283900",
            "street_address": "Nairobi",
            "apartment": "",
            "city": "Nairobi",
            "county": "Alabama",
            "postal_code": "00100",
            "is_default": false,
            "notes": null
        }
    },
    {
        "model": "accounts.address",
        "pk": 102,
        "fields": {
            "user": 1,
            "email": "test@test.com",
            "first_name": "Joseph",
            "last_name": "Indieka",
            "phone": "0758053542",
            "street_address": "Nairobi",
            "apartment": "",
            "city": "Nairobi",
            "county": "Alabama",
            "postal_code": "00100",
            "is_default": false,
            "notes": null
        }
    },
    {
        "model": "accounts.address",
        "pk": 103,
        "fields": {
            "user": 1,
            "email": "test@test.com",
            "first_name": "Joseph",
            "last_name": "Indieka",
            "phone": "0758053542",
            "street_address": "Nairobi",
            "apartment": "",
            "city": "Nairobi",
            "county": "Alaska",
            "postal_code": "00100",
            "is_default": false,
            "notes": null
        }
    },
    {
        "model": "accounts.address",
        "pk": 104,
        "fields": {
            "user": 1,
            "email": "test@test.com",
            "first_name": "Joseph",
            "last_name": "Indieka",
            "phone": "0713283900",
            "street_address": "Nairobi",
            "apartment": "",
            "city": "Nairobi",
            "county": "Alaska",
            "postal_code": "00100",
            "is_default": false,
            "notes": null
        }
    },
    {
        "model": "accounts.address",
        "pk": 105,
        "fields": {
            "user": 1,
            "email": "test@test.com",
            "first_name": "Joseph",
            "last_name": "Indieka",
            "phone": "0713283900",
            "street_address": "Nairobi",
            "apartment": "",
            "city": "Nairobi",
            "county": "Alaska",
            "postal_code": "00100",
            "is_default": false,
            "notes": null
        }
    },
    {
        "model": "accounts.address",
        "pk": 106,
        "fields": {
            "user": 1,
            "email": "test@test.com",
            "first_name": "Joseph",
            "last_name": "Indieka",
            "phone": "0713283900",
            "street_address": "Nairobi",
            "apartment": "",
            "city": "Nairobi",
            "county": "Alaska",
            "postal_code": "00100",
            "is_default": false,
            "notes": null
        }
    },
    {
        "model": "accounts.address",
        "pk": 107,
        "fields": {
            "user": 1,
            "email": "test@test.com",
            "first_name": "Joseph",
            "last_name": "Indieka",
            "phone": "0758053542",
            "street_address": "Nairobi",
            "apartment": "",
            "city": "Nairobi",
            "county": "Alaska",
            "postal_code": "00100",
            "is_default": false,
            "notes": null
        }
    },
    {
        "model": "accounts.address",
        "pk": 108,
        "fields": {
            "user": 1,
            "email": "test@test.com",
            "first_name": "Joseph",
            "last_name": "Indieka",
            "phone": "0758053542",
            "street_address": "Nairobi",
            "apartment": "",
            "city": "Nairobi",
            "county": "Alaska",
            "postal_code": "00100",
            "is_default": false,
            "notes": null
        }
    },
    {
        "model": "accounts.address",
        "pk": 109,
        "fields": {
            "user": 1,
            "email": "test@test.com",
            "first_name": "Joseph",
            "last_name": "Indieka",
            "phone": "0758053542",
            "street_address": "Nairobi",
            "apartment": "",
            "city": "Nairobi",
            "county": "Alaska",
            "postal_code": "00100",
            "is_default": false,
            "notes": null
        }
    },
    {
        "model": "accounts.address",
        "pk": 110,
        "fields": {
            "user": 1,
            "email": "test@test.com",
            "first_name": "Joseph",
            "last_name": "Indieka",
            "phone": "0758053542",
            "street_address": "Nairobi",
            "apartment": "",
            "city": "Nairobi",
            "county": "Alaska",
            "postal_code": "00100",
            "is_default": false,
            "notes": null
        }
    },
    {
        "model": "accounts.address",
        "pk": 111,
        "fields": {
            "user": 1,
            "email": "test@test.com",
            "first_name": "Joseph",
            "last_name": "Indieka",
            "phone": "0758053542",
            "street_address": "Nairobi",
            "apartment": "",
            "city": "Nairobi",
            "county": "Alaska",
            "postal_code": "00100",
            "is_default": false,
            "notes": null
        }
    },
    {
        "model": "accounts.address",
        "pk": 112,
        "fields": {
            "user": 1,
            "email": "test@test.com",
            "first_name": "Joseph",
            "last_name": "Indieka",
            "phone": "0758053542",
            "street_address": "Nairobi",
            "apartment": "",
            "city": "Nairobi",
            "county": "Alaska",
            "postal_code": "00100",
            "is_default": false,
            "notes": null
        }
    },
    {
        "model": "accounts.address",
        "pk": 113,
        "fields": {
            "user": 4,
            "email": "indiekaj@gmail.com",
            "first_name": "JOSEPH",
            "last_name": "INDIEKA",
            "phone": "0758053542",
            "street_address": "72",
            "apartment": "",
            "city": "LUANDA",
            "county": "Alabama",
            "postal_code": "50300",
            "is_default": false,
            "notes": null
        }
    },
    {
        "model": "accounts.address",
        "pk": 114,
        "fields": {
            "user": 4,
            "email": "indiekaj@gmail.com",
            "first_name": "JOSEPH",
            "last_name": "INDIEKA",
            "phone": "0758053542",
            "street_address": "72",
            "apartment": "",
            "city": "LUANDA",
            "county": "Alabama",
            "postal_code": "50300",
            "is_default": false,
            "notes": null
        }
    },
    {
        "model": "accounts.address",
        "pk": 115,
        "fields": {
            "user": 4,
            "email": "indiekaj@gmail.com",
            "first_name": "JOSEPH",
            "last_name": "INDIEKA",
            "phone": "0758053542",
            "street_address": "72",
            "apartment": "",
            "city": "LUANDA",
            "county": "Alabama",
            "postal_code": "50300",
            "is_default": false,
            "notes": null
        }
    },
    {
        "model": "accounts.address",
        "pk": 116,
        "fields": {
            "user": 4,
            "email": "indiekaj@gmail.com",
            "first_name": "JOSEPH",
            "last_name": "INDIEKA",
            "phone": "0758053542",
            "street_address": "72",
            "apartment": "",
            "city": "LUANDA",
            "county": "Alabama",
            "postal_code": "50300",
            "is_default": false,
            "notes": null
        }
    },
    {
        "model": "accounts.address",
        "pk": 117,
        "fields": {
            "user": 4,
            "email": "indiekaj@gmail.com",
            "first_name": "JOSEPH",
            "last_name": "INDIEKA",
            "phone": "0758053542",
            "street_address": "72",
            "apartment": "",
            "city": "LUANDA",
            "county": "Alabama",
            "postal_code": "50300",
            "is_default": false,
            "notes": null
        }
    },
    {
        "model": "accounts.address",
        "pk": 118,
        "fields": {
            "user": 4,
            "email": "indiekaj@gmail.com",
            "first_name": "JOSEPH",
            "last_name": "INDIEKA",
            "phone": "0758053542",
            "street_address": "72",
            "apartment": "",
            "city": "LUANDA",
            "county": "Alabama",
            "postal_code": "50300",
            "is_default": false,
            "notes": null
        }
    },
    {
        "model": "accounts.address",
        "pk": 119,
        "fields": {
            "user": 1,
            "email": "test@test.com",
            "first_name": "Joseph",
            "last_name": "Indieka",
            "phone": "254713283900",
            "street_address": "Nairobi",
            "apartment": "",
            "city": "Nairobi",
            "county": "Alabama",
            "postal_code": "00100",
            "is_default": false,
            "notes": null
        }
    },
    {
        "model": "accounts.customuser",
        "pk": 1,
        "fields": {
            "password": "pbkdf2_sha256$870000$hkganfooxGzrCO9keHfPYy$RPs9czL7zXPIlgbkZPd1lXl05EdsWi0VP7wHk/aW4JM=",
            "last_login": "2025-01-02T19:41:19.532Z",
            "email": "test@test.com",
            "first_name": "Joseph",
            "last_name": "Indieka",
            "phone_number": "0712345678",
            "role": "Administrator",
            "is_active": true,
            "is_staff": true,
            "is_superuser": true,
            "secret": "f1b611e97aeef1c26327d4d1d7c5650a46b4e699",
            "groups": [],
            "user_permissions": []
        }
    },
    {
        "model": "accounts.customuser",
        "pk": 2,
        "fields": {
            "password": "pbkdf2_sha256$870000$ImrmdIhsUIqHov88LjVGVu$LQFOxYaBg/LQfXqLT67mY8yDHlfloiy6ahhWvTh80GA=",
            "last_login": null,
            "email": "joseph@test.com",
            "first_name": "Joseph",
            "last_name": "test",
            "phone_number": "",
            "role": "Customer",
            "is_active": true,
            "is_staff": false,
            "is_superuser": false,
            "secret": "12dceb8521ecdde25a923857873f63723cb31331",
            "groups": [],
            "user_permissions": []
        }
    },
    {
        "model": "accounts.customuser",
        "pk": 4,
        "fields": {
            "password": "pbkdf2_sha256$870000$VvDGnU7eE6CBtWkYkrMFSl$Jumym3Ut8Gyfdi269dvpdEr25IPlasOiyfrkQQPWHlo=",
            "last_login": "2025-01-02T21:42:19.815Z",
            "email": "indiekaj@gmail.com",
            "first_name": "JOSEPH",
            "last_name": null,
            "phone_number": "0713283900",
            "role": "Customer",
            "is_active": true,
            "is_staff": false,
            "is_superuser": false,
            "secret": "10e7e538d24ceb1d5ea025902331f4053563faeb",
            "groups": [],
            "user_permissions": []
        }
    },
    {
        "model": "accounts.customuser",
        "pk": 5,
        "fields": {
            "password": "pbkdf2_sha256$870000$QtxI2Lb330TgiVDaloZfBa$Tn/yGsTlZ5ldrfacEOCAdWS181OD0zfqiROc6GSft0A=",
            "last_login": "2024-12-30T12:29:07Z",
            "email": "josephindieka15@gmail.com",
            "first_name": "Joseph",
            "last_name": null,
            "phone_number": "0713283958",
            "role": "Customer",
            "is_active": true,
            "is_staff": false,
            "is_superuser": false,
            "secret": "0c28c1ebb3f04d1c22496643a9ed22c3594f352d",
            "groups": [],
            "user_permissions": []
        }
    },
    {
        "model": "accounts.contactus",
        "pk": 1,
        "fields": {
            "full_name": "Joseph Indieka",
            "email": "test2@gmail.com",
            "subject": "hjdfjkfdkllkdffd",
            "message": "jkdfkjdfldlfkfg"
        }
    },
    {
        "model": "ecommerce.appcontent",
        "pk": 1,
        "fields": {
            "title": "ShopUS",
            "logo": "app_logos/groover-branding-1.png",
            "banner": "banners/ban-men.jpg",
            "tel_no": "+254758053542",
            "location": "Nairobi, Kenya",
            "email": "test2@gmail.com",
            "favIcon": "fav-icons/favicon.ico",
            "created_at": "2024-11-28",
            "updated_at": "2024-12-15T21:09:30.653Z"
        }
    },
    {
        "model": "ecommerce.brand",
        "pk": 1,
        "fields": {
            "brand_title": "Zara",
            "slug": "zara"
        }
    },
    {
        "model": "ecommerce.brand",
        "pk": 2,
        "fields": {
            "brand_title": "Nike",
            "slug": "nike"
        }
    },
    {
        "model": "ecommerce.brand",
        "pk": 3,
        "fields": {
            "brand_title": "Adidas",
            "slug": "adidas"
        }
    },
    {
        "model": "ecommerce.brand",
        "pk": 4,
        "fields": {
            "brand_title": "Puma",
            "slug": "puma"
        }
    },
    {
        "model": "ecommerce.brand",
        "pk": 5,
        "fields": {
            "brand_title": "Levi's",
            "slug": "levis"
        }
    },
    {
        "model": "ecommerce.parentcategory",
        "pk": 1,
        "fields": {
            "parent_name": "Mens Collections",
            "slug": "mens-collections"
        }
    },
    {
        "model": "ecommerce.parentcategory",
        "pk": 2,
        "fields": {
            "parent_name": "Women Collections",
            "slug": "women-collections"
        }
    },
    {
        "model": "ecommerce.category",
        "pk": 10,
        "fields": {
            "category_name": "Tops",
            "parent_category": 1,
            "slug": "tops-for-mens-collections"
        }
    },
    {
        "model": "ecommerce.category",
        "pk": 11,
        "fields": {
            "category_name": "Outwear",
            "parent_category": 1,
            "slug": "outwear-for-mens-collections"
        }
    },
    {
        "model": "ecommerce.category",
        "pk": 12,
        "fields": {
            "category_name": "Accessories",
            "parent_category": 1,
            "slug": "accessories-for-mens-collections"
        }
    },
    {
        "model": "ecommerce.category",
        "pk": 13,
        "fields": {
            "category_name": "Bottoms",
            "parent_category": 1,
            "slug": "bottoms-for-mens-collections"
        }
    },
    {
        "model": "ecommerce.category",
        "pk": 14,
        "fields": {
            "category_name": "Underwaer",
            "parent_category": 1,
            "slug": "underwaer-for-mens-collections"
        }
    },
    {
        "model": "ecommerce.category",
        "pk": 15,
        "fields": {
            "category_name": "Sunglasses",
            "parent_category": 1,
            "slug": "sunglasses-for-mens-collections"
        }
    },
    {
        "model": "ecommerce.category",
        "pk": 16,
        "fields": {
            "category_name": "Tops",
            "parent_category": 2,
            "slug": "tops-for-women-collections"
        }
    },
    {
        "model": "ecommerce.category",
        "pk": 17,
        "fields": {
            "category_name": "Outwear",
            "parent_category": 2,
            "slug": "outwear-for-women-collections"
        }
    },
    {
        "model": "ecommerce.category",
        "pk": 18,
        "fields": {
            "category_name": "Accessories",
            "parent_category": 2,
            "slug": "accessories-for-women-collections"
        }
    },
    {
        "model": "ecommerce.product",
        "pk": 1,
        "fields": {
            "category": 10,
            "brand": 5,
            "title": "Mischka Plain Men T-Shirt",
            "price": "800.00",
            "featured": false,
            "discount": "15.00",
            "quantity": 93,
            "description": "T-shirts with bold slogans were popular in the UK in the 1980s. T-shirts were originally worn as undershirts, but are now worn frequently as the only piece of clothing on the top half of the body, other than possibly a brassiere or, rarely, a waistcoat (vest). T-shirts have also become a medium for self-expression and advertising, with any imaginable combination of words, art and photographs on display.",
            "prod_img": "prod_images/t1.jpeg",
            "keywords": "t-shirts",
            "rating": 10,
            "created_at": "2024-11-28T10:07:43.305Z",
            "updated_at": "2025-01-03T12:52:43.315Z",
            "has_variants": true,
            "min_variant_price": "800.00",
            "max_variant_price": "900.00"
        }
    },
    {
        "model": "ecommerce.product",
        "pk": 2,
        "fields": {
            "category": 10,
            "brand": 2,
            "title": "Casual Hoodie Full Cotton",
            "price": "950.00",
            "featured": false,
            "discount": "7.00",
            "quantity": 114,
            "description": "This hoodie is full cotton. It includes a muff sewn onto the lower front, and (usually) a drawstring to adjust the hood opening. Throughout the U.S., it is common for middle-school, high-school, and college students to wear this sweatshirtswith or without hoodsthat display their respective school names or mascots across the chest, either as part of a uniform or personal preference.",
            "prod_img": "prod_images/h1.jpg",
            "keywords": "hoodie, cold wear",
            "rating": 10,
            "created_at": "2024-11-28T10:19:07.065Z",
            "updated_at": "2025-01-03T12:50:57.470Z",
            "has_variants": false,
            "min_variant_price": null,
            "max_variant_price": null
        }
    },
    {
        "model": "ecommerce.product",
        "pk": 3,
        "fields": {
            "category": 13,
            "brand": 5,
            "title": "Regular Rock Blue Men Jean",
            "price": "1200.00",
            "featured": true,
            "discount": "12.00",
            "quantity": 96,
            "description": "Traditionally, jeans were dyed to a blue color using natural indigo dye. Most denim is now dyed using synthetic indigo. Approximately 20 thousand tons of indigo are produced annually for this purpose, though only a few grams of the dye are required for each pair. For other colors of denim other dyes must be used. Currently, jeans are produced in any color that can be achieved with cotton.",
            "prod_img": "prod_images/l1.jpg",
            "keywords": "jeans, trousers",
            "rating": 40,
            "created_at": "2024-11-28T18:31:31.927Z",
            "updated_at": "2024-12-31T14:57:27.494Z",
            "has_variants": true,
            "min_variant_price": "1000.00",
            "max_variant_price": "2000.00"
        }
    },
    {
        "model": "ecommerce.productimage",
        "pk": 1,
        "fields": {
            "product": 1,
            "image": "product_images/t1.jpeg",
            "alt_text": ""
        }
    },
    {
        "model": "ecommerce.productimage",
        "pk": 2,
        "fields": {
            "product": 1,
            "image": "product_images/t2.jpeg",
            "alt_text": ""
        }
    },
    {
        "model": "ecommerce.productimage",
        "pk": 3,
        "fields": {
            "product": 1,
            "image": "product_images/t3.jpeg",
            "alt_text": ""
        }
    },
    {
        "model": "ecommerce.productimage",
        "pk": 4,
        "fields": {
            "product": 3,
            "image": "product_images/l1.jpg",
            "alt_text": ""
        }
    },
    {
        "model": "ecommerce.productimage",
        "pk": 5,
        "fields": {
            "product": 3,
            "image": "product_images/j1.jpeg",
            "alt_text": ""
        }
    },
    {
        "model": "ecommerce.productimage",
        "pk": 6,
        "fields": {
            "product": 3,
            "image": "product_images/j2.jpeg",
            "alt_text": ""
        }
    },
    {
        "model": "ecommerce.productimage",
        "pk": 7,
        "fields": {
            "product": 3,
            "image": "product_images/j3.jpeg",
            "alt_text": ""
        }
    },
    {
        "model": "ecommerce.productimage",
        "pk": 8,
        "fields": {
            "product": 2,
            "image": "product_images/h2.jpg",
            "alt_text": ""
        }
    },
    {
        "model": "ecommerce.productimage",
        "pk": 9,
        "fields": {
            "product": 2,
            "image": "product_images/h3.jpg",
            "alt_text": ""
        }
    },
    {
        "model": "ecommerce.productimage",
        "pk": 10,
        "fields": {
            "product": 2,
            "image": "product_images/h4.jpg",
            "alt_text": ""
        }
    },
    {
        "model": "ecommerce.productimage",
        "pk": 11,
        "fields": {
            "product": 2,
            "image": "product_images/h4_io84CME.jpg",
            "alt_text": ""
        }
    },
    {
        "model": "ecommerce.productimage",
        "pk": 12,
        "fields": {
            "product": 2,
            "image": "product_images/h5.jpg",
            "alt_text": ""
        }
    },
    {
        "model": "ecommerce.productimage",
        "pk": 13,
        "fields": {
            "product": 2,
            "image": "product_images/h6.jpg",
            "alt_text": ""
        }
    },
    {
        "model": "ecommerce.productvariant",
        "pk": 1,
        "fields": {
            "product": 2,
            "size": "XL",
            "color": "Black",
            "stock": 17,
            "variant_price": null
        }
    },
    {
        "model": "ecommerce.productvariant",
        "pk": 2,
        "fields": {
            "product": 2,
            "size": "XXL",
            "color": "Black",
            "stock": 12,
            "variant_price": null
        }
    },
    {
        "model": "ecommerce.productvariant",
        "pk": 3,
        "fields": {
            "product": 2,
            "size": "L",
            "color": "Gray",
            "stock": 0,
            "variant_price": null
        }
    },
    {
        "model": "ecommerce.productvariant",
        "pk": 4,
        "fields": {
            "product": 2,
            "size": "M",
            "color": "Gray",
            "stock": 0,
            "variant_price": null
        }
    },
    {
        "model": "ecommerce.productvariant",
        "pk": 5,
        "fields": {
            "product": 1,
            "size": "XL",
            "color": "White",
            "stock": 5,
            "variant_price": "850.00"
        }
    },
    {
        "model": "ecommerce.productvariant",
        "pk": 6,
        "fields": {
            "product": 1,
            "size": "L",
            "color": "White",
            "stock": 17,
            "variant_price": "820.00"
        }
    },
    {
        "model": "ecommerce.productvariant",
        "pk": 7,
        "fields": {
            "product": 1,
            "size": "XXL",
            "color": "Black",
            "stock": 17,
            "variant_price": "900.00"
        }
    },
    {
        "model": "ecommerce.productvariant",
        "pk": 8,
        "fields": {
            "product": 1,
            "size": "S",
            "color": "Black",
            "stock": 25,
            "variant_price": "800.00"
        }
    },
    {
        "model": "ecommerce.productvariant",
        "pk": 9,
        "fields": {
            "product": 3,
            "size": "30",
            "color": "Blue",
            "stock": 6,
            "variant_price": "1200.00"
        }
    },
    {
        "model": "ecommerce.productvariant",
        "pk": 10,
        "fields": {
            "product": 3,
            "size": "32",
            "color": "Blue",
            "stock": 3,
            "variant_price": "1500.00"
        }
    },
    {
        "model": "ecommerce.productvariant",
        "pk": 12,
        "fields": {
            "product": 3,
            "size": "31",
            "color": "Blue",
            "stock": 5,
            "variant_price": "1000.00"
        }
    },
    {
        "model": "ecommerce.productvariant",
        "pk": 13,
        "fields": {
            "product": 3,
            "size": "33",
            "color": "Black",
            "stock": 8,
            "variant_price": "1700.00"
        }
    },
    {
        "model": "ecommerce.productvariant",
        "pk": 14,
        "fields": {
            "product": 3,
            "size": "38",
            "color": "Gray",
            "stock": 3,
            "variant_price": "2000.00"
        }
    },
    {
        "model": "ecommerce.review",
        "pk": 1,
        "fields": {
            "product": 3,
            "name": "Joseph Indieka",
            "email": "manu1@mail.com",
            "review_title": "Good",
            "review": "The product was fitting, love it",
            "rating": "4.0",
            "created_at": "2024-12-02"
        }
    },
    {
        "model": "ecommerce.review",
        "pk": 3,
        "fields": {
            "product": 3,
            "name": "Joseph",
            "email": "test@test.com",
            "review_title": "Okay",
            "review": "Thew product matched the amount",
            "rating": "3.5",
            "created_at": "2024-12-02"
        }
    },
    {
        "model": "ecommerce.review",
        "pk": 4,
        "fields": {
            "product": 3,
            "name": "Joseph",
            "email": "test@test.com",
            "review_title": "Good",
            "review": "always",
            "rating": "4.9",
            "created_at": "2024-12-02"
        }
    },
    {
        "model": "ecommerce.review",
        "pk": 5,
        "fields": {
            "product": 3,
            "name": "Joseph",
            "email": "test@test.com",
            "review_title": "Good",
            "review": "Nice one !!!",
            "rating": "5.0",
            "created_at": "2024-12-02"
        }
    },
    {
        "model": "ecommerce.review",
        "pk": 6,
        "fields": {
            "product": 1,
            "name": "Joseph",
            "email": "test@test.com",
            "review_title": "Bad",
            "review": "I just hate it",
            "rating": "1.5",
            "created_at": "2024-12-02"
        }
    },
    {
        "model": "ecommerce.order",
        "pk": 38,
        "fields": {
            "order_number": "ORD-6A2DB624",
            "user": 5,
            "status": "Pending",
            "payment_status": "Pending",
            "shipping_address": 45,
            "billing_address": 45,
            "subtotal": "4528.00",
            "shipping_cost": "0.00",
            "tax": "724.48",
            "total": "5252.48",
            "payment_method": "paypal",
            "transaction_id": null,
            "created_at": "2024-12-30T13:57:17.687Z",
            "updated_at": "2024-12-30T13:57:17.687Z",
            "paid_at": null,
            "notes": "",
            "tracking_number": ""
        }
    },
    {
        "model": "ecommerce.order",
        "pk": 41,
        "fields": {
            "order_number": "ORD-787083AC",
            "user": 5,
            "status": "Pending",
            "payment_status": "Pending",
            "shipping_address": 48,
            "billing_address": 48,
            "subtotal": "4528.00",
            "shipping_cost": "0.00",
            "tax": "724.48",
            "total": "5252.48",
            "payment_method": "paypal",
            "transaction_id": null,
            "created_at": "2024-12-30T14:04:09.520Z",
            "updated_at": "2024-12-30T14:04:09.520Z",
            "paid_at": null,
            "notes": "",
            "tracking_number": ""
        }
    },
    {
        "model": "ecommerce.order",
        "pk": 47,
        "fields": {
            "order_number": "ORD-E1E0A0A3",
            "user": 5,
            "status": "Pending",
            "payment_status": "Pending",
            "shipping_address": 54,
            "billing_address": 54,
            "subtotal": "4528.00",
            "shipping_cost": "0.00",
            "tax": "724.48",
            "total": "5252.48",
            "payment_method": "paypal",
            "transaction_id": null,
            "created_at": "2024-12-30T18:44:37.453Z",
            "updated_at": "2024-12-30T18:44:37.453Z",
            "paid_at": null,
            "notes": "",
            "tracking_number": ""
        }
    },
    {
        "model": "ecommerce.order",
        "pk": 48,
        "fields": {
            "order_number": "ORD-9581916F",
            "user": 5,
            "status": "Pending",
            "payment_status": "Paid",
            "shipping_address": 55,
            "billing_address": 55,
            "subtotal": "4528.00",
            "shipping_cost": "0.00",
            "tax": "724.48",
            "total": "5252.48",
            "payment_method": "paypal",
            "transaction_id": null,
            "created_at": "2024-12-30T18:58:53.440Z",
            "updated_at": "2024-12-30T19:02:42.661Z",
            "paid_at": null,
            "notes": "",
            "tracking_number": ""
        }
    },
    {
        "model": "ecommerce.order",
        "pk": 51,
        "fields": {
            "order_number": "ORD-1A7A5E58",
            "user": 5,
            "status": "Pending",
            "payment_status": "Paid",
            "shipping_address": 58,
            "billing_address": 58,
            "subtotal": "5280.00",
            "shipping_cost": "0.00",
            "tax": "844.80",
            "total": "6124.80",
            "payment_method": "paypal",
            "transaction_id": null,
            "created_at": "2024-12-30T19:26:41.043Z",
            "updated_at": "2024-12-30T20:01:51.080Z",
            "paid_at": null,
            "notes": "",
            "tracking_number": ""
        }
    },
    {
        "model": "ecommerce.order",
        "pk": 53,
        "fields": {
            "order_number": "ORD-E6EB2D9E",
            "user": 5,
            "status": "Pending",
            "payment_status": "Paid",
            "shipping_address": 60,
            "billing_address": 60,
            "subtotal": "5280.00",
            "shipping_cost": "0.00",
            "tax": "844.80",
            "total": "6124.80",
            "payment_method": "paypal",
            "transaction_id": null,
            "created_at": "2024-12-30T20:21:05.460Z",
            "updated_at": "2024-12-30T20:23:05.986Z",
            "paid_at": null,
            "notes": "",
            "tracking_number": ""
        }
    },
    {
        "model": "ecommerce.order",
        "pk": 54,
        "fields": {
            "order_number": "ORD-A1D8D6DF",
            "user": 5,
            "status": "Pending",
            "payment_status": "Pending",
            "shipping_address": 61,
            "billing_address": 61,
            "subtotal": "7320.00",
            "shipping_cost": "0.00",
            "tax": "1171.20",
            "total": "8491.20",
            "payment_method": "paypal",
            "transaction_id": null,
            "created_at": "2024-12-31T14:51:01.034Z",
            "updated_at": "2024-12-31T14:51:01.034Z",
            "paid_at": null,
            "notes": "",
            "tracking_number": ""
        }
    },
    {
        "model": "ecommerce.order",
        "pk": 55,
        "fields": {
            "order_number": "ORD-1AF72ED1",
            "user": 5,
            "status": "Pending",
            "payment_status": "Pending",
            "shipping_address": 62,
            "billing_address": 62,
            "subtotal": "2040.00",
            "shipping_cost": "0.00",
            "tax": "326.40",
            "total": "2366.40",
            "payment_method": "paypal",
            "transaction_id": null,
            "created_at": "2024-12-31T14:57:37.441Z",
            "updated_at": "2024-12-31T14:57:37.441Z",
            "paid_at": null,
            "notes": "",
            "tracking_number": ""
        }
    },
    {
        "model": "ecommerce.order",
        "pk": 56,
        "fields": {
            "order_number": "ORD-A434C113",
            "user": 5,
            "status": "Pending",
            "payment_status": "Paid",
            "shipping_address": 63,
            "billing_address": 63,
            "subtotal": "3807.00",
            "shipping_cost": "0.00",
            "tax": "609.12",
            "total": "4416.12",
            "payment_method": "paypal",
            "transaction_id": null,
            "created_at": "2024-12-31T14:59:11.499Z",
            "updated_at": "2024-12-31T14:59:38.318Z",
            "paid_at": null,
            "notes": "",
            "tracking_number": ""
        }
    },
    {
        "model": "ecommerce.order",
        "pk": 57,
        "fields": {
            "order_number": "ORD-3BBCBDD7",
            "user": 5,
            "status": "Pending",
            "payment_status": "Paid",
            "shipping_address": 64,
            "billing_address": 64,
            "subtotal": "2447.00",
            "shipping_cost": "0.00",
            "tax": "391.52",
            "total": "2838.52",
            "payment_method": "paypal",
            "transaction_id": null,
            "created_at": "2024-12-31T15:04:08.501Z",
            "updated_at": "2024-12-31T15:04:58.579Z",
            "paid_at": null,
            "notes": "",
            "tracking_number": ""
        }
    },
    {
        "model": "ecommerce.order",
        "pk": 61,
        "fields": {
            "order_number": "ORD-6BA8D25E",
            "user": 5,
            "status": "Pending",
            "payment_status": "Paid",
            "shipping_address": 68,
            "billing_address": 68,
            "subtotal": "680.00",
            "shipping_cost": "0.00",
            "tax": "108.80",
            "total": "788.80",
            "payment_method": "paypal",
            "transaction_id": null,
            "created_at": "2025-01-02T17:23:10.948Z",
            "updated_at": "2025-01-02T17:45:49.001Z",
            "paid_at": null,
            "notes": "",
            "tracking_number": ""
        }
    },
    {
        "model": "ecommerce.order",
        "pk": 66,
        "fields": {
            "order_number": "ORD-E8B05117",
            "user": 5,
            "status": "Pending",
            "payment_status": "Pending",
            "shipping_address": 73,
            "billing_address": 73,
            "subtotal": "1360.00",
            "shipping_cost": "0.00",
            "tax": "217.60",
            "total": "1577.60",
            "payment_method": "mpesa",
            "transaction_id": null,
            "created_at": "2025-01-02T18:31:02.897Z",
            "updated_at": "2025-01-02T18:31:02.897Z",
            "paid_at": null,
            "notes": "",
            "tracking_number": ""
        }
    },
    {
        "model": "ecommerce.order",
        "pk": 67,
        "fields": {
            "order_number": "ORD-7196185A",
            "user": 5,
            "status": "Pending",
            "payment_status": "Pending",
            "shipping_address": 74,
            "billing_address": 74,
            "subtotal": "1360.00",
            "shipping_cost": "0.00",
            "tax": "217.60",
            "total": "1577.60",
            "payment_method": "paypal",
            "transaction_id": null,
            "created_at": "2025-01-02T18:31:45.556Z",
            "updated_at": "2025-01-02T18:31:45.556Z",
            "paid_at": null,
            "notes": "",
            "tracking_number": ""
        }
    },
    {
        "model": "ecommerce.order",
        "pk": 68,
        "fields": {
            "order_number": "ORD-3142ED73",
            "user": 5,
            "status": "Pending",
            "payment_status": "Pending",
            "shipping_address": 75,
            "billing_address": 75,
            "subtotal": "1360.00",
            "shipping_cost": "0.00",
            "tax": "217.60",
            "total": "1577.60",
            "payment_method": "paypal",
            "transaction_id": null,
            "created_at": "2025-01-02T18:31:58.965Z",
            "updated_at": "2025-01-02T18:31:58.965Z",
            "paid_at": null,
            "notes": "",
            "tracking_number": ""
        }
    },
    {
        "model": "ecommerce.order",
        "pk": 69,
        "fields": {
            "order_number": "ORD-976D5ACB",
            "user": 5,
            "status": "Pending",
            "payment_status": "Pending",
            "shipping_address": 76,
            "billing_address": 76,
            "subtotal": "1360.00",
            "shipping_cost": "0.00",
            "tax": "217.60",
            "total": "1577.60",
            "payment_method": "paypal",
            "transaction_id": null,
            "created_at": "2025-01-02T18:32:22.916Z",
            "updated_at": "2025-01-02T18:32:22.916Z",
            "paid_at": null,
            "notes": "",
            "tracking_number": ""
        }
    },
    {
        "model": "ecommerce.order",
        "pk": 74,
        "fields": {
            "order_number": "ORD-F37B9C3C",
            "user": 5,
            "status": "Pending",
            "payment_status": "Pending",
            "shipping_address": 81,
            "billing_address": 81,
            "subtotal": "2112.00",
            "shipping_cost": "0.00",
            "tax": "337.92",
            "total": "2449.92",
            "payment_method": "paypal",
            "transaction_id": null,
            "created_at": "2025-01-02T19:17:06.263Z",
            "updated_at": "2025-01-02T19:17:06.263Z",
            "paid_at": null,
            "notes": "",
            "tracking_number": ""
        }
    },
    {
        "model": "ecommerce.order",
        "pk": 80,
        "fields": {
            "order_number": "ORD-3BCDF14B",
            "user": 1,
            "status": "Pending",
            "payment_status": "Pending",
            "shipping_address": 87,
            "billing_address": 87,
            "subtotal": "1767.00",
            "shipping_cost": "0.00",
            "tax": "282.72",
            "total": "2049.72",
            "payment_method": "mpesa",
            "transaction_id": null,
            "created_at": "2025-01-02T19:49:20.909Z",
            "updated_at": "2025-01-02T19:49:20.909Z",
            "paid_at": null,
            "notes": "",
            "tracking_number": ""
        }
    },
    {
        "model": "ecommerce.order",
        "pk": 81,
        "fields": {
            "order_number": "ORD-C72BB3FE",
            "user": 1,
            "status": "Pending",
            "payment_status": "Pending",
            "shipping_address": 88,
            "billing_address": 88,
            "subtotal": "1767.00",
            "shipping_cost": "0.00",
            "tax": "282.72",
            "total": "2049.72",
            "payment_method": "mpesa",
            "transaction_id": null,
            "created_at": "2025-01-02T19:51:31.958Z",
            "updated_at": "2025-01-02T19:51:31.958Z",
            "paid_at": null,
            "notes": "",
            "tracking_number": ""
        }
    },
    {
        "model": "ecommerce.order",
        "pk": 82,
        "fields": {
            "order_number": "ORD-AD8E5C46",
            "user": 1,
            "status": "Pending",
            "payment_status": "Pending",
            "shipping_address": 89,
            "billing_address": 89,
            "subtotal": "1767.00",
            "shipping_cost": "0.00",
            "tax": "282.72",
            "total": "2049.72",
            "payment_method": "mpesa",
            "transaction_id": null,
            "created_at": "2025-01-02T19:52:37.461Z",
            "updated_at": "2025-01-02T19:52:37.461Z",
            "paid_at": null,
            "notes": "",
            "tracking_number": ""
        }
    },
    {
        "model": "ecommerce.order",
        "pk": 83,
        "fields": {
            "order_number": "ORD-DF87D04C",
            "user": 1,
            "status": "Pending",
            "payment_status": "Pending",
            "shipping_address": 90,
            "billing_address": 90,
            "subtotal": "1767.00",
            "shipping_cost": "0.00",
            "tax": "282.72",
            "total": "2049.72",
            "payment_method": "mpesa",
            "transaction_id": null,
            "created_at": "2025-01-02T19:55:33.692Z",
            "updated_at": "2025-01-02T19:55:33.692Z",
            "paid_at": null,
            "notes": "",
            "tracking_number": ""
        }
    },
    {
        "model": "ecommerce.order",
        "pk": 85,
        "fields": {
            "order_number": "ORD-A63FE89B",
            "user": 1,
            "status": "Pending",
            "payment_status": "Pending",
            "shipping_address": 92,
            "billing_address": 92,
            "subtotal": "1767.00",
            "shipping_cost": "0.00",
            "tax": "282.72",
            "total": "2049.72",
            "payment_method": "mpesa",
            "transaction_id": null,
            "created_at": "2025-01-02T20:01:09.798Z",
            "updated_at": "2025-01-02T20:01:09.798Z",
            "paid_at": null,
            "notes": "",
            "tracking_number": ""
        }
    },
    {
        "model": "ecommerce.order",
        "pk": 87,
        "fields": {
            "order_number": "ORD-82E2A3BB",
            "user": 1,
            "status": "Pending",
            "payment_status": "Pending",
            "shipping_address": 96,
            "billing_address": 96,
            "subtotal": "1767.00",
            "shipping_cost": "0.00",
            "tax": "282.72",
            "total": "2049.72",
            "payment_method": "mpesa",
            "transaction_id": null,
            "created_at": "2025-01-02T20:07:57.327Z",
            "updated_at": "2025-01-02T20:07:57.327Z",
            "paid_at": null,
            "notes": "",
            "tracking_number": ""
        }
    },
    {
        "model": "ecommerce.order",
        "pk": 88,
        "fields": {
            "order_number": "ORD-87714F21",
            "user": 1,
            "status": "Pending",
            "payment_status": "Pending",
            "shipping_address": 97,
            "billing_address": 97,
            "subtotal": "1767.00",
            "shipping_cost": "0.00",
            "tax": "282.72",
            "total": "2049.72",
            "payment_method": "mpesa",
            "transaction_id": null,
            "created_at": "2025-01-02T20:19:27.897Z",
            "updated_at": "2025-01-02T20:19:27.897Z",
            "paid_at": null,
            "notes": "",
            "tracking_number": ""
        }
    },
    {
        "model": "ecommerce.order",
        "pk": 89,
        "fields": {
            "order_number": "ORD-33F035AC",
            "user": 1,
            "status": "Pending",
            "payment_status": "Pending",
            "shipping_address": 98,
            "billing_address": 98,
            "subtotal": "1767.00",
            "shipping_cost": "0.00",
            "tax": "282.72",
            "total": "2049.72",
            "payment_method": "mpesa",
            "transaction_id": null,
            "created_at": "2025-01-02T20:20:22.694Z",
            "updated_at": "2025-01-02T20:20:22.694Z",
            "paid_at": null,
            "notes": "",
            "tracking_number": ""
        }
    },
    {
        "model": "ecommerce.order",
        "pk": 90,
        "fields": {
            "order_number": "ORD-FDA99BA9",
            "user": 1,
            "status": "Pending",
            "payment_status": "Pending",
            "shipping_address": 99,
            "billing_address": 99,
            "subtotal": "1767.00",
            "shipping_cost": "0.00",
            "tax": "282.72",
            "total": "2049.72",
            "payment_method": "mpesa",
            "transaction_id": null,
            "created_at": "2025-01-02T20:21:38.851Z",
            "updated_at": "2025-01-02T20:21:38.851Z",
            "paid_at": null,
            "notes": "",
            "tracking_number": ""
        }
    },
    {
        "model": "ecommerce.order",
        "pk": 91,
        "fields": {
            "order_number": "ORD-186A7C72",
            "user": 1,
            "status": "Pending",
            "payment_status": "Pending",
            "shipping_address": 100,
            "billing_address": 100,
            "subtotal": "1767.00",
            "shipping_cost": "0.00",
            "tax": "282.72",
            "total": "2049.72",
            "payment_method": "mpesa",
            "transaction_id": null,
            "created_at": "2025-01-02T20:22:30.132Z",
            "updated_at": "2025-01-02T20:22:30.132Z",
            "paid_at": null,
            "notes": "",
            "tracking_number": ""
        }
    },
    {
        "model": "ecommerce.order",
        "pk": 92,
        "fields": {
            "order_number": "ORD-C58C9359",
            "user": 1,
            "status": "Pending",
            "payment_status": "Pending",
            "shipping_address": 101,
            "billing_address": 101,
            "subtotal": "1767.00",
            "shipping_cost": "0.00",
            "tax": "282.72",
            "total": "2049.72",
            "payment_method": "mpesa",
            "transaction_id": null,
            "created_at": "2025-01-02T20:22:59.518Z",
            "updated_at": "2025-01-02T20:22:59.518Z",
            "paid_at": null,
            "notes": "",
            "tracking_number": ""
        }
    },
    {
        "model": "ecommerce.order",
        "pk": 93,
        "fields": {
            "order_number": "ORD-B4DEEE51",
            "user": 1,
            "status": "Pending",
            "payment_status": "Pending",
            "shipping_address": 102,
            "billing_address": 102,
            "subtotal": "1767.00",
            "shipping_cost": "0.00",
            "tax": "282.72",
            "total": "2049.72",
            "payment_method": "mpesa",
            "transaction_id": null,
            "created_at": "2025-01-02T20:24:04.807Z",
            "updated_at": "2025-01-02T20:24:04.807Z",
            "paid_at": null,
            "notes": "",
            "tracking_number": ""
        }
    },
    {
        "model": "ecommerce.order",
        "pk": 94,
        "fields": {
            "order_number": "ORD-1DC740B6",
            "user": 1,
            "status": "Pending",
            "payment_status": "Pending",
            "shipping_address": 103,
            "billing_address": 103,
            "subtotal": "1767.00",
            "shipping_cost": "0.00",
            "tax": "282.72",
            "total": "2049.72",
            "payment_method": "mpesa",
            "transaction_id": null,
            "created_at": "2025-01-02T20:25:45.296Z",
            "updated_at": "2025-01-02T20:25:45.296Z",
            "paid_at": null,
            "notes": "",
            "tracking_number": ""
        }
    },
    {
        "model": "ecommerce.order",
        "pk": 95,
        "fields": {
            "order_number": "ORD-CB3C3415",
            "user": 1,
            "status": "Pending",
            "payment_status": "Pending",
            "shipping_address": 104,
            "billing_address": 104,
            "subtotal": "1767.00",
            "shipping_cost": "0.00",
            "tax": "282.72",
            "total": "2049.72",
            "payment_method": "mpesa",
            "transaction_id": null,
            "created_at": "2025-01-02T20:27:15.147Z",
            "updated_at": "2025-01-02T20:27:15.147Z",
            "paid_at": null,
            "notes": "",
            "tracking_number": ""
        }
    },
    {
        "model": "ecommerce.order",
        "pk": 96,
        "fields": {
            "order_number": "ORD-4390B396",
            "user": 1,
            "status": "Pending",
            "payment_status": "Pending",
            "shipping_address": 105,
            "billing_address": 105,
            "subtotal": "1767.00",
            "shipping_cost": "0.00",
            "tax": "282.72",
            "total": "2049.72",
            "payment_method": "mpesa",
            "transaction_id": null,
            "created_at": "2025-01-02T20:27:44.724Z",
            "updated_at": "2025-01-02T20:27:44.724Z",
            "paid_at": null,
            "notes": "",
            "tracking_number": ""
        }
    },
    {
        "model": "ecommerce.order",
        "pk": 97,
        "fields": {
            "order_number": "ORD-05F58952",
            "user": 1,
            "status": "Pending",
            "payment_status": "Pending",
            "shipping_address": 106,
            "billing_address": 106,
            "subtotal": "1767.00",
            "shipping_cost": "0.00",
            "tax": "282.72",
            "total": "2049.72",
            "payment_method": "mpesa",
            "transaction_id": null,
            "created_at": "2025-01-02T20:28:22.255Z",
            "updated_at": "2025-01-02T20:28:22.255Z",
            "paid_at": null,
            "notes": "",
            "tracking_number": ""
        }
    },
    {
        "model": "ecommerce.order",
        "pk": 98,
        "fields": {
            "order_number": "ORD-C60C600A",
            "user": 1,
            "status": "Pending",
            "payment_status": "Pending",
            "shipping_address": 107,
            "billing_address": 107,
            "subtotal": "1767.00",
            "shipping_cost": "0.00",
            "tax": "282.72",
            "total": "2049.72",
            "payment_method": "mpesa",
            "transaction_id": null,
            "created_at": "2025-01-02T20:35:22.138Z",
            "updated_at": "2025-01-02T20:35:22.138Z",
            "paid_at": null,
            "notes": "",
            "tracking_number": ""
        }
    },
    {
        "model": "ecommerce.order",
        "pk": 99,
        "fields": {
            "order_number": "ORD-96457DE9",
            "user": 1,
            "status": "Pending",
            "payment_status": "Pending",
            "shipping_address": 108,
            "billing_address": 108,
            "subtotal": "1767.00",
            "shipping_cost": "0.00",
            "tax": "282.72",
            "total": "2049.72",
            "payment_method": "mpesa",
            "transaction_id": null,
            "created_at": "2025-01-02T20:37:50.239Z",
            "updated_at": "2025-01-02T20:37:50.239Z",
            "paid_at": null,
            "notes": "",
            "tracking_number": ""
        }
    },
    {
        "model": "ecommerce.order",
        "pk": 100,
        "fields": {
            "order_number": "ORD-56F89FD2",
            "user": 1,
            "status": "Pending",
            "payment_status": "Pending",
            "shipping_address": 109,
            "billing_address": 109,
            "subtotal": "1767.00",
            "shipping_cost": "0.00",
            "tax": "282.72",
            "total": "2049.72",
            "payment_method": "mpesa",
            "transaction_id": null,
            "created_at": "2025-01-02T20:39:28.883Z",
            "updated_at": "2025-01-02T20:39:28.883Z",
            "paid_at": null,
            "notes": "",
            "tracking_number": ""
        }
    },
    {
        "model": "ecommerce.order",
        "pk": 101,
        "fields": {
            "order_number": "ORD-83E1B9C7",
            "user": 1,
            "status": "Pending",
            "payment_status": "Pending",
            "shipping_address": 110,
            "billing_address": 110,
            "subtotal": "1767.00",
            "shipping_cost": "0.00",
            "tax": "282.72",
            "total": "2049.72",
            "payment_method": "mpesa",
            "transaction_id": null,
            "created_at": "2025-01-02T20:40:51.519Z",
            "updated_at": "2025-01-02T20:40:51.519Z",
            "paid_at": null,
            "notes": "",
            "tracking_number": ""
        }
    },
    {
        "model": "ecommerce.order",
        "pk": 102,
        "fields": {
            "order_number": "ORD-16126165",
            "user": 1,
            "status": "Pending",
            "payment_status": "Pending",
            "shipping_address": 111,
            "billing_address": 111,
            "subtotal": "1767.00",
            "shipping_cost": "0.00",
            "tax": "282.72",
            "total": "2049.72",
            "payment_method": "mpesa",
            "transaction_id": null,
            "created_at": "2025-01-02T20:53:29.670Z",
            "updated_at": "2025-01-02T20:53:29.670Z",
            "paid_at": null,
            "notes": "",
            "tracking_number": ""
        }
    },
    {
        "model": "ecommerce.order",
        "pk": 103,
        "fields": {
            "order_number": "ORD-6B2404A7",
            "user": 1,
            "status": "Pending",
            "payment_status": "Pending",
            "shipping_address": 112,
            "billing_address": 112,
            "subtotal": "1767.00",
            "shipping_cost": "0.00",
            "tax": "282.72",
            "total": "2049.72",
            "payment_method": "mpesa",
            "transaction_id": null,
            "created_at": "2025-01-02T20:54:04.341Z",
            "updated_at": "2025-01-02T20:54:04.341Z",
            "paid_at": null,
            "notes": "",
            "tracking_number": ""
        }
    },
    {
        "model": "ecommerce.order",
        "pk": 104,
        "fields": {
            "order_number": "ORD-B3CBFF14",
            "user": 4,
            "status": "Pending",
            "payment_status": "Paid",
            "shipping_address": 113,
            "billing_address": 113,
            "subtotal": "4762.50",
            "shipping_cost": "0.00",
            "tax": "762.00",
            "total": "5524.50",
            "payment_method": "paypal",
            "transaction_id": null,
            "created_at": "2025-01-02T21:48:36.833Z",
            "updated_at": "2025-01-02T21:49:11.214Z",
            "paid_at": null,
            "notes": "",
            "tracking_number": ""
        }
    },
    {
        "model": "ecommerce.order",
        "pk": 105,
        "fields": {
            "order_number": "ORD-C6C42204",
            "user": 4,
            "status": "Pending",
            "payment_status": "Paid",
            "shipping_address": 114,
            "billing_address": 114,
            "subtotal": "4762.50",
            "shipping_cost": "0.00",
            "tax": "762.00",
            "total": "5524.50",
            "payment_method": "paypal",
            "transaction_id": null,
            "created_at": "2025-01-02T21:53:02.694Z",
            "updated_at": "2025-01-02T21:53:29.812Z",
            "paid_at": null,
            "notes": "",
            "tracking_number": ""
        }
    },
    {
        "model": "ecommerce.order",
        "pk": 106,
        "fields": {
            "order_number": "ORD-3C17E199",
            "user": 4,
            "status": "Pending",
            "payment_status": "Pending",
            "shipping_address": 115,
            "billing_address": 115,
            "subtotal": "4762.50",
            "shipping_cost": "0.00",
            "tax": "762.00",
            "total": "5524.50",
            "payment_method": "mpesa",
            "transaction_id": null,
            "created_at": "2025-01-02T21:53:42.606Z",
            "updated_at": "2025-01-02T21:53:42.606Z",
            "paid_at": null,
            "notes": "",
            "tracking_number": ""
        }
    },
    {
        "model": "ecommerce.order",
        "pk": 107,
        "fields": {
            "order_number": "ORD-CF36F963",
            "user": 4,
            "status": "Pending",
            "payment_status": "Pending",
            "shipping_address": 116,
            "billing_address": 116,
            "subtotal": "4762.50",
            "shipping_cost": "0.00",
            "tax": "762.00",
            "total": "5524.50",
            "payment_method": "mpesa",
            "transaction_id": null,
            "created_at": "2025-01-02T21:54:30.288Z",
            "updated_at": "2025-01-02T21:54:30.288Z",
            "paid_at": null,
            "notes": "",
            "tracking_number": ""
        }
    },
    {
        "model": "ecommerce.order",
        "pk": 108,
        "fields": {
            "order_number": "ORD-BE102330",
            "user": 4,
            "status": "Pending",
            "payment_status": "Pending",
            "shipping_address": 117,
            "billing_address": 117,
            "subtotal": "4762.50",
            "shipping_cost": "0.00",
            "tax": "762.00",
            "total": "5524.50",
            "payment_method": "mpesa",
            "transaction_id": null,
            "created_at": "2025-01-02T21:55:08.654Z",
            "updated_at": "2025-01-02T21:55:08.654Z",
            "paid_at": null,
            "notes": "",
            "tracking_number": ""
        }
    },
    {
        "model": "ecommerce.order",
        "pk": 109,
        "fields": {
            "order_number": "ORD-E42D826A",
            "user": 4,
            "status": "Pending",
            "payment_status": "Pending",
            "shipping_address": 118,
            "billing_address": 118,
            "subtotal": "4762.50",
            "shipping_cost": "0.00",
            "tax": "762.00",
            "total": "5524.50",
            "payment_method": "mpesa",
            "transaction_id": null,
            "created_at": "2025-01-02T21:55:29.466Z",
            "updated_at": "2025-01-02T21:55:29.466Z",
            "paid_at": null,
            "notes": "",
            "tracking_number": ""
        }
    },
    {
        "model": "ecommerce.orderitem",
        "pk": 41,
        "fields": {
            "order": 38,
            "product": 3,
            "variant": null,
            "quantity": 3,
            "unit_price": "1056.00",
            "subtotal": "3168.00",
            "product_name": "Regular Rock Blue Men Jean",
            "variant_info": null
        }
    },
    {
        "model": "ecommerce.orderitem",
        "pk": 42,
        "fields": {
            "order": 38,
            "product": 1,
            "variant": null,
            "quantity": 2,
            "unit_price": "680.00",
            "subtotal": "1360.00",
            "product_name": "Mischka Plain Men T-Shirt",
            "variant_info": null
        }
    },
    {
        "model": "ecommerce.orderitem",
        "pk": 47,
        "fields": {
            "order": 41,
            "product": 3,
            "variant": null,
            "quantity": 3,
            "unit_price": "1056.00",
            "subtotal": "3168.00",
            "product_name": "Regular Rock Blue Men Jean",
            "variant_info": null
        }
    },
    {
        "model": "ecommerce.orderitem",
        "pk": 48,
        "fields": {
            "order": 41,
            "product": 1,
            "variant": null,
            "quantity": 2,
            "unit_price": "680.00",
            "subtotal": "1360.00",
            "product_name": "Mischka Plain Men T-Shirt",
            "variant_info": null
        }
    },
    {
        "model": "ecommerce.orderitem",
        "pk": 59,
        "fields": {
            "order": 47,
            "product": 3,
            "variant": null,
            "quantity": 3,
            "unit_price": "1056.00",
            "subtotal": "3168.00",
            "product_name": "Regular Rock Blue Men Jean",
            "variant_info": null
        }
    },
    {
        "model": "ecommerce.orderitem",
        "pk": 60,
        "fields": {
            "order": 47,
            "product": 1,
            "variant": null,
            "quantity": 2,
            "unit_price": "680.00",
            "subtotal": "1360.00",
            "product_name": "Mischka Plain Men T-Shirt",
            "variant_info": null
        }
    },
    {
        "model": "ecommerce.orderitem",
        "pk": 61,
        "fields": {
            "order": 48,
            "product": 3,
            "variant": null,
            "quantity": 3,
            "unit_price": "1056.00",
            "subtotal": "3168.00",
            "product_name": "Regular Rock Blue Men Jean",
            "variant_info": null
        }
    },
    {
        "model": "ecommerce.orderitem",
        "pk": 62,
        "fields": {
            "order": 48,
            "product": 1,
            "variant": null,
            "quantity": 2,
            "unit_price": "680.00",
            "subtotal": "1360.00",
            "product_name": "Mischka Plain Men T-Shirt",
            "variant_info": null
        }
    },
    {
        "model": "ecommerce.orderitem",
        "pk": 66,
        "fields": {
            "order": 51,
            "product": 3,
            "variant": null,
            "quantity": 5,
            "unit_price": "1056.00",
            "subtotal": "5280.00",
            "product_name": "Regular Rock Blue Men Jean",
            "variant_info": null
        }
    },
    {
        "model": "ecommerce.orderitem",
        "pk": 68,
        "fields": {
            "order": 53,
            "product": 3,
            "variant": null,
            "quantity": 5,
            "unit_price": "1056.00",
            "subtotal": "5280.00",
            "product_name": "Regular Rock Blue Men Jean",
            "variant_info": null
        }
    },
    {
        "model": "ecommerce.orderitem",
        "pk": 69,
        "fields": {
            "order": 54,
            "product": 1,
            "variant": null,
            "quantity": 3,
            "unit_price": "680.00",
            "subtotal": "2040.00",
            "product_name": "Mischka Plain Men T-Shirt",
            "variant_info": null
        }
    },
    {
        "model": "ecommerce.orderitem",
        "pk": 70,
        "fields": {
            "order": 54,
            "product": 3,
            "variant": null,
            "quantity": 5,
            "unit_price": "1056.00",
            "subtotal": "5280.00",
            "product_name": "Regular Rock Blue Men Jean",
            "variant_info": null
        }
    },
    {
        "model": "ecommerce.orderitem",
        "pk": 71,
        "fields": {
            "order": 55,
            "product": 1,
            "variant": null,
            "quantity": 3,
            "unit_price": "680.00",
            "subtotal": "2040.00",
            "product_name": "Mischka Plain Men T-Shirt",
            "variant_info": null
        }
    },
    {
        "model": "ecommerce.orderitem",
        "pk": 72,
        "fields": {
            "order": 56,
            "product": 2,
            "variant": null,
            "quantity": 2,
            "unit_price": "883.50",
            "subtotal": "1767.00",
            "product_name": "Casual Hoodie Full Cotton",
            "variant_info": null
        }
    },
    {
        "model": "ecommerce.orderitem",
        "pk": 73,
        "fields": {
            "order": 56,
            "product": 1,
            "variant": null,
            "quantity": 3,
            "unit_price": "680.00",
            "subtotal": "2040.00",
            "product_name": "Mischka Plain Men T-Shirt",
            "variant_info": null
        }
    },
    {
        "model": "ecommerce.orderitem",
        "pk": 74,
        "fields": {
            "order": 57,
            "product": 2,
            "variant": null,
            "quantity": 2,
            "unit_price": "883.50",
            "subtotal": "1767.00",
            "product_name": "Casual Hoodie Full Cotton",
            "variant_info": null
        }
    },
    {
        "model": "ecommerce.orderitem",
        "pk": 75,
        "fields": {
            "order": 57,
            "product": 1,
            "variant": null,
            "quantity": 1,
            "unit_price": "680.00",
            "subtotal": "680.00",
            "product_name": "Mischka Plain Men T-Shirt",
            "variant_info": null
        }
    },
    {
        "model": "ecommerce.orderitem",
        "pk": 79,
        "fields": {
            "order": 61,
            "product": 1,
            "variant": null,
            "quantity": 1,
            "unit_price": "680.00",
            "subtotal": "680.00",
            "product_name": "Mischka Plain Men T-Shirt",
            "variant_info": null
        }
    },
    {
        "model": "ecommerce.orderitem",
        "pk": 84,
        "fields": {
            "order": 66,
            "product": 1,
            "variant": null,
            "quantity": 2,
            "unit_price": "680.00",
            "subtotal": "1360.00",
            "product_name": "Mischka Plain Men T-Shirt",
            "variant_info": null
        }
    },
    {
        "model": "ecommerce.orderitem",
        "pk": 85,
        "fields": {
            "order": 67,
            "product": 1,
            "variant": null,
            "quantity": 2,
            "unit_price": "680.00",
            "subtotal": "1360.00",
            "product_name": "Mischka Plain Men T-Shirt",
            "variant_info": null
        }
    },
    {
        "model": "ecommerce.orderitem",
        "pk": 86,
        "fields": {
            "order": 68,
            "product": 1,
            "variant": null,
            "quantity": 2,
            "unit_price": "680.00",
            "subtotal": "1360.00",
            "product_name": "Mischka Plain Men T-Shirt",
            "variant_info": null
        }
    },
    {
        "model": "ecommerce.orderitem",
        "pk": 87,
        "fields": {
            "order": 69,
            "product": 1,
            "variant": null,
            "quantity": 2,
            "unit_price": "680.00",
            "subtotal": "1360.00",
            "product_name": "Mischka Plain Men T-Shirt",
            "variant_info": null
        }
    },
    {
        "model": "ecommerce.orderitem",
        "pk": 92,
        "fields": {
            "order": 74,
            "product": 3,
            "variant": null,
            "quantity": 2,
            "unit_price": "1056.00",
            "subtotal": "2112.00",
            "product_name": "Regular Rock Blue Men Jean",
            "variant_info": null
        }
    },
    {
        "model": "ecommerce.orderitem",
        "pk": 98,
        "fields": {
            "order": 80,
            "product": 2,
            "variant": null,
            "quantity": 2,
            "unit_price": "883.50",
            "subtotal": "1767.00",
            "product_name": "Casual Hoodie Full Cotton",
            "variant_info": null
        }
    },
    {
        "model": "ecommerce.orderitem",
        "pk": 99,
        "fields": {
            "order": 81,
            "product": 2,
            "variant": null,
            "quantity": 2,
            "unit_price": "883.50",
            "subtotal": "1767.00",
            "product_name": "Casual Hoodie Full Cotton",
            "variant_info": null
        }
    },
    {
        "model": "ecommerce.orderitem",
        "pk": 100,
        "fields": {
            "order": 82,
            "product": 2,
            "variant": null,
            "quantity": 2,
            "unit_price": "883.50",
            "subtotal": "1767.00",
            "product_name": "Casual Hoodie Full Cotton",
            "variant_info": null
        }
    },
    {
        "model": "ecommerce.orderitem",
        "pk": 101,
        "fields": {
            "order": 83,
            "product": 2,
            "variant": null,
            "quantity": 2,
            "unit_price": "883.50",
            "subtotal": "1767.00",
            "product_name": "Casual Hoodie Full Cotton",
            "variant_info": null
        }
    },
    {
        "model": "ecommerce.orderitem",
        "pk": 103,
        "fields": {
            "order": 85,
            "product": 2,
            "variant": null,
            "quantity": 2,
            "unit_price": "883.50",
            "subtotal": "1767.00",
            "product_name": "Casual Hoodie Full Cotton",
            "variant_info": null
        }
    },
    {
        "model": "ecommerce.orderitem",
        "pk": 105,
        "fields": {
            "order": 87,
            "product": 2,
            "variant": null,
            "quantity": 2,
            "unit_price": "883.50",
            "subtotal": "1767.00",
            "product_name": "Casual Hoodie Full Cotton",
            "variant_info": null
        }
    },
    {
        "model": "ecommerce.orderitem",
        "pk": 106,
        "fields": {
            "order": 88,
            "product": 2,
            "variant": null,
            "quantity": 2,
            "unit_price": "883.50",
            "subtotal": "1767.00",
            "product_name": "Casual Hoodie Full Cotton",
            "variant_info": null
        }
    },
    {
        "model": "ecommerce.orderitem",
        "pk": 107,
        "fields": {
            "order": 89,
            "product": 2,
            "variant": null,
            "quantity": 2,
            "unit_price": "883.50",
            "subtotal": "1767.00",
            "product_name": "Casual Hoodie Full Cotton",
            "variant_info": null
        }
    },
    {
        "model": "ecommerce.orderitem",
        "pk": 108,
        "fields": {
            "order": 90,
            "product": 2,
            "variant": null,
            "quantity": 2,
            "unit_price": "883.50",
            "subtotal": "1767.00",
            "product_name": "Casual Hoodie Full Cotton",
            "variant_info": null
        }
    },
    {
        "model": "ecommerce.orderitem",
        "pk": 109,
        "fields": {
            "order": 91,
            "product": 2,
            "variant": null,
            "quantity": 2,
            "unit_price": "883.50",
            "subtotal": "1767.00",
            "product_name": "Casual Hoodie Full Cotton",
            "variant_info": null
        }
    },
    {
        "model": "ecommerce.orderitem",
        "pk": 110,
        "fields": {
            "order": 92,
            "product": 2,
            "variant": null,
            "quantity": 2,
            "unit_price": "883.50",
            "subtotal": "1767.00",
            "product_name": "Casual Hoodie Full Cotton",
            "variant_info": null
        }
    },
    {
        "model": "ecommerce.orderitem",
        "pk": 111,
        "fields": {
            "order": 93,
            "product": 2,
            "variant": null,
            "quantity": 2,
            "unit_price": "883.50",
            "subtotal": "1767.00",
            "product_name": "Casual Hoodie Full Cotton",
            "variant_info": null
        }
    },
    {
        "model": "ecommerce.orderitem",
        "pk": 112,
        "fields": {
            "order": 94,
            "product": 2,
            "variant": null,
            "quantity": 2,
            "unit_price": "883.50",
            "subtotal": "1767.00",
            "product_name": "Casual Hoodie Full Cotton",
            "variant_info": null
        }
    },
    {
        "model": "ecommerce.orderitem",
        "pk": 113,
        "fields": {
            "order": 95,
            "product": 2,
            "variant": null,
            "quantity": 2,
            "unit_price": "883.50",
            "subtotal": "1767.00",
            "product_name": "Casual Hoodie Full Cotton",
            "variant_info": null
        }
    },
    {
        "model": "ecommerce.orderitem",
        "pk": 114,
        "fields": {
            "order": 96,
            "product": 2,
            "variant": null,
            "quantity": 2,
            "unit_price": "883.50",
            "subtotal": "1767.00",
            "product_name": "Casual Hoodie Full Cotton",
            "variant_info": null
        }
    },
    {
        "model": "ecommerce.orderitem",
        "pk": 115,
        "fields": {
            "order": 97,
            "product": 2,
            "variant": null,
            "quantity": 2,
            "unit_price": "883.50",
            "subtotal": "1767.00",
            "product_name": "Casual Hoodie Full Cotton",
            "variant_info": null
        }
    },
    {
        "model": "ecommerce.orderitem",
        "pk": 116,
        "fields": {
            "order": 98,
            "product": 2,
            "variant": null,
            "quantity": 2,
            "unit_price": "883.50",
            "subtotal": "1767.00",
            "product_name": "Casual Hoodie Full Cotton",
            "variant_info": null
        }
    },
    {
        "model": "ecommerce.orderitem",
        "pk": 117,
        "fields": {
            "order": 99,
            "product": 2,
            "variant": null,
            "quantity": 2,
            "unit_price": "883.50",
            "subtotal": "1767.00",
            "product_name": "Casual Hoodie Full Cotton",
            "variant_info": null
        }
    },
    {
        "model": "ecommerce.orderitem",
        "pk": 118,
        "fields": {
            "order": 100,
            "product": 2,
            "variant": null,
            "quantity": 2,
            "unit_price": "883.50",
            "subtotal": "1767.00",
            "product_name": "Casual Hoodie Full Cotton",
            "variant_info": null
        }
    },
    {
        "model": "ecommerce.orderitem",
        "pk": 119,
        "fields": {
            "order": 101,
            "product": 2,
            "variant": null,
            "quantity": 2,
            "unit_price": "883.50",
            "subtotal": "1767.00",
            "product_name": "Casual Hoodie Full Cotton",
            "variant_info": null
        }
    },
    {
        "model": "ecommerce.orderitem",
        "pk": 120,
        "fields": {
            "order": 102,
            "product": 2,
            "variant": null,
            "quantity": 2,
            "unit_price": "883.50",
            "subtotal": "1767.00",
            "product_name": "Casual Hoodie Full Cotton",
            "variant_info": null
        }
    },
    {
        "model": "ecommerce.orderitem",
        "pk": 121,
        "fields": {
            "order": 103,
            "product": 2,
            "variant": null,
            "quantity": 2,
            "unit_price": "883.50",
            "subtotal": "1767.00",
            "product_name": "Casual Hoodie Full Cotton",
            "variant_info": null
        }
    },
    {
        "model": "ecommerce.orderitem",
        "pk": 122,
        "fields": {
            "order": 104,
            "product": 3,
            "variant": null,
            "quantity": 2,
            "unit_price": "1056.00",
            "subtotal": "2112.00",
            "product_name": "Regular Rock Blue Men Jean",
            "variant_info": null
        }
    },
    {
        "model": "ecommerce.orderitem",
        "pk": 123,
        "fields": {
            "order": 104,
            "product": 2,
            "variant": null,
            "quantity": 3,
            "unit_price": "883.50",
            "subtotal": "2650.50",
            "product_name": "Casual Hoodie Full Cotton",
            "variant_info": null
        }
    },
    {
        "model": "ecommerce.orderitem",
        "pk": 124,
        "fields": {
            "order": 105,
            "product": 3,
            "variant": null,
            "quantity": 2,
            "unit_price": "1056.00",
            "subtotal": "2112.00",
            "product_name": "Regular Rock Blue Men Jean",
            "variant_info": null
        }
    },
    {
        "model": "ecommerce.orderitem",
        "pk": 125,
        "fields": {
            "order": 105,
            "product": 2,
            "variant": null,
            "quantity": 3,
            "unit_price": "883.50",
            "subtotal": "2650.50",
            "product_name": "Casual Hoodie Full Cotton",
            "variant_info": null
        }
    },
    {
        "model": "ecommerce.orderitem",
        "pk": 126,
        "fields": {
            "order": 106,
            "product": 3,
            "variant": null,
            "quantity": 2,
            "unit_price": "1056.00",
            "subtotal": "2112.00",
            "product_name": "Regular Rock Blue Men Jean",
            "variant_info": null
        }
    },
    {
        "model": "ecommerce.orderitem",
        "pk": 127,
        "fields": {
            "order": 106,
            "product": 2,
            "variant": null,
            "quantity": 3,
            "unit_price": "883.50",
            "subtotal": "2650.50",
            "product_name": "Casual Hoodie Full Cotton",
            "variant_info": null
        }
    },
    {
        "model": "ecommerce.orderitem",
        "pk": 128,
        "fields": {
            "order": 107,
            "product": 3,
            "variant": null,
            "quantity": 2,
            "unit_price": "1056.00",
            "subtotal": "2112.00",
            "product_name": "Regular Rock Blue Men Jean",
            "variant_info": null
        }
    },
    {
        "model": "ecommerce.orderitem",
        "pk": 129,
        "fields": {
            "order": 107,
            "product": 2,
            "variant": null,
            "quantity": 3,
            "unit_price": "883.50",
            "subtotal": "2650.50",
            "product_name": "Casual Hoodie Full Cotton",
            "variant_info": null
        }
    },
    {
        "model": "ecommerce.orderitem",
        "pk": 130,
        "fields": {
            "order": 108,
            "product": 3,
            "variant": null,
            "quantity": 2,
            "unit_price": "1056.00",
            "subtotal": "2112.00",
            "product_name": "Regular Rock Blue Men Jean",
            "variant_info": null
        }
    },
    {
        "model": "ecommerce.orderitem",
        "pk": 131,
        "fields": {
            "order": 108,
            "product": 2,
            "variant": null,
            "quantity": 3,
            "unit_price": "883.50",
            "subtotal": "2650.50",
            "product_name": "Casual Hoodie Full Cotton",
            "variant_info": null
        }
    },
    {
        "model": "ecommerce.orderitem",
        "pk": 132,
        "fields": {
            "order": 109,
            "product": 3,
            "variant": null,
            "quantity": 2,
            "unit_price": "1056.00",
            "subtotal": "2112.00",
            "product_name": "Regular Rock Blue Men Jean",
            "variant_info": null
        }
    },
    {
        "model": "ecommerce.orderitem",
        "pk": 133,
        "fields": {
            "order": 109,
            "product": 2,
            "variant": null,
            "quantity": 3,
            "unit_price": "883.50",
            "subtotal": "2650.50",
            "product_name": "Casual Hoodie Full Cotton",
            "variant_info": null
        }
    },
    {
        "model": "ecommerce.cart",
        "pk": 1,
        "fields": {
            "user": 1,
            "created_at": "2024-11-29T20:05:58.852Z",
            "updated_at": "2024-11-29T20:05:58.852Z"
        }
    },
    {
        "model": "ecommerce.cart",
        "pk": 2,
        "fields": {
            "user": 5,
            "created_at": "2024-11-29T22:22:19.379Z",
            "updated_at": "2024-11-29T22:22:19.379Z"
        }
    },
    {
        "model": "ecommerce.cart",
        "pk": 3,
        "fields": {
            "user": 4,
            "created_at": "2025-01-02T21:42:47.814Z",
            "updated_at": "2025-01-02T21:42:47.814Z"
        }
    },
    {
        "model": "ecommerce.cartitem",
        "pk": 33,
        "fields": {
            "cart": 2,
            "product": 3,
            "variant": null,
            "quantity": 2,
            "added_at": "2025-01-02T18:33:11.590Z",
            "updated_at": "2025-01-02T18:33:11.590Z"
        }
    },
    {
        "model": "ecommerce.cartitem",
        "pk": 34,
        "fields": {
            "cart": 3,
            "product": 2,
            "variant": null,
            "quantity": 3,
            "added_at": "2025-01-02T21:42:47.851Z",
            "updated_at": "2025-01-02T21:48:11.392Z"
        }
    },
    {
        "model": "ecommerce.cartitem",
        "pk": 35,
        "fields": {
            "cart": 3,
            "product": 3,
            "variant": null,
            "quantity": 2,
            "added_at": "2025-01-02T21:48:01.240Z",
            "updated_at": "2025-01-02T21:48:01.240Z"
        }
    },
    {
        "model": "ecommerce.cartitem",
        "pk": 37,
        "fields": {
            "cart": 1,
            "product": 1,
            "variant": 7,
            "quantity": 3,
            "added_at": "2025-01-03T08:47:55.651Z",
            "updated_at": "2025-01-03T08:49:12.141Z"
        }
    },
    {
        "model": "ecommerce.cartitem",
        "pk": 41,
        "fields": {
            "cart": 1,
            "product": 1,
            "variant": 6,
            "quantity": 1,
            "added_at": "2025-01-03T09:32:53.411Z",
            "updated_at": "2025-01-03T09:32:53.411Z"
        }
    },
    {
        "model": "ecommerce.cartitem",
        "pk": 42,
        "fields": {
            "cart": 1,
            "product": 1,
            "variant": 5,
            "quantity": 3,
            "added_at": "2025-01-03T12:52:23.973Z",
            "updated_at": "2025-01-03T12:52:43.328Z"
        }
    },
    {
        "model": "ecommerce.wishlist",
        "pk": 1,
        "fields": {
            "user": 1,
            "created_at": "2024-12-03T09:22:39.430Z"
        }
    },
    {
        "model": "ecommerce.wishlist",
        "pk": 2,
        "fields": {
            "user": 5,
            "created_at": "2024-12-05T08:59:55.226Z"
        }
    },
    {
        "model": "ecommerce.wishlistitem",
        "pk": 8,
        "fields": {
            "wishlist": 1,
            "product": 2,
            "added_at": "2024-12-19T14:38:33.247Z"
        }
    },
    {
        "model": "payments.transaction",
        "pk": 38,
        "fields": {
            "user": 4,
            "order": 38,
            "phone_number": "254758053542",
            "amount": "5252.00",
            "timestamp": "2024-12-30T13:57:17.703Z",
            "receipt_number": null,
            "status": "Failed",
            "transaction_id": null,
            "description": null,
            "transaction_date": null,
            "payment_method": "paypal",
            "payment_url": null,
            "notes": "{'name': 'VALIDATION_ERROR', 'message': 'Invalid request - see details', 'debug_id': 'c9af8a2269bf6', 'information_link': 'https://developer.paypal.com/docs/api/payments/#errors', 'details': [{'field': '/transactions/0/item_list/items/2', 'location': 'body', 'issue': 'Cannot construct instance of `com.paypal.platform.payments.model.rest.common.Item`, problem: INVALID_CURRENCY_AMOUNT_FORMAT'}]}"
        }
    },
    {
        "model": "payments.transaction",
        "pk": 41,
        "fields": {
            "user": 4,
            "order": 41,
            "phone_number": "254758053542",
            "amount": "5252.00",
            "timestamp": "2024-12-30T14:04:09.531Z",
            "receipt_number": null,
            "status": "Failed",
            "transaction_id": null,
            "description": null,
            "transaction_date": null,
            "payment_method": "paypal",
            "payment_url": null,
            "notes": "{'name': 'VALIDATION_ERROR', 'details': [{'field': 'transactions[0]', 'issue': 'Item amount must add up to specified amount subtotal (or total if amount details not specified)'}], 'message': 'Invalid request - see details', 'information_link': 'https://developer.paypal.com/docs/api/payments/v1/#error-VALIDATION_ERROR', 'debug_id': '922dd6e160449'}"
        }
    },
    {
        "model": "payments.transaction",
        "pk": 47,
        "fields": {
            "user": 4,
            "order": 47,
            "phone_number": "254758053542",
            "amount": "5252.00",
            "timestamp": "2024-12-30T18:44:37.466Z",
            "receipt_number": null,
            "status": "Failed",
            "transaction_id": null,
            "description": null,
            "transaction_date": null,
            "payment_method": "paypal",
            "payment_url": null,
            "notes": "{'name': 'VALIDATION_ERROR', 'details': [{'field': 'transactions[0]', 'issue': 'Item amount must add up to specified amount subtotal (or total if amount details not specified)'}], 'message': 'Invalid request - see details', 'information_link': 'https://developer.paypal.com/docs/api/payments/v1/#error-VALIDATION_ERROR', 'debug_id': 'c85d43be64b6c'}"
        }
    },
    {
        "model": "payments.transaction",
        "pk": 48,
        "fields": {
            "user": 4,
            "order": 48,
            "phone_number": "254758053542",
            "amount": "5252.00",
            "timestamp": "2024-12-30T18:58:53.494Z",
            "receipt_number": "7BY8426296650510N",
            "status": "Success",
            "transaction_id": "PAYID-M5ZO3BA67X70649NL103723J",
            "description": null,
            "transaction_date": "2024-12-30T19:02:42.618Z",
            "payment_method": "paypal",
            "payment_url": "https://www.sandbox.paypal.com/cgi-bin/webscr?cmd=_express-checkout&token=EC-9CH69386T5926722L",
            "notes": null
        }
    },
    {
        "model": "payments.transaction",
        "pk": 51,
        "fields": {
            "user": 4,
            "order": 51,
            "phone_number": "254758053542",
            "amount": "6124.00",
            "timestamp": "2024-12-30T19:26:41.055Z",
            "receipt_number": "3KN361157W332845R",
            "status": "Failed",
            "transaction_id": "PAYID-M5ZPH5A2H869877E0242992V",
            "description": null,
            "transaction_date": "2024-12-30T20:01:51.013Z",
            "payment_method": "paypal",
            "payment_url": "https://www.sandbox.paypal.com/cgi-bin/webscr?cmd=_express-checkout&token=EC-2RP913797A287412C",
            "notes": "{'name': 'PAYMENT_ALREADY_DONE', 'message': 'Payment has been done already for this cart.', 'information_link': 'https://developer.paypal.com/docs/api/payments/v1/#error-PAYMENT_ALREADY_DONE', 'debug_id': 'd731bcfe65434'}"
        }
    },
    {
        "model": "payments.transaction",
        "pk": 53,
        "fields": {
            "user": 4,
            "order": 53,
            "phone_number": "254758053542",
            "amount": "6124.00",
            "timestamp": "2024-12-30T20:21:05.515Z",
            "receipt_number": "7HH23358XD491244A",
            "status": "Success",
            "transaction_id": "PAYID-M5ZQBRY3KS67363WA894683R",
            "description": null,
            "transaction_date": "2024-12-30T20:23:05.901Z",
            "payment_method": "paypal",
            "payment_url": "https://www.sandbox.paypal.com/cgi-bin/webscr?cmd=_express-checkout&token=EC-9F791298M7140035F",
            "notes": null
        }
    },
    {
        "model": "payments.transaction",
        "pk": 54,
        "fields": {
            "user": 4,
            "order": 54,
            "phone_number": "254758053542",
            "amount": "8491.00",
            "timestamp": "2024-12-31T14:51:01.053Z",
            "receipt_number": null,
            "status": "Failed",
            "transaction_id": "PAYID-M52AJWY8NR74502D78570529",
            "description": null,
            "transaction_date": null,
            "payment_method": "paypal",
            "payment_url": "https://www.sandbox.paypal.com/cgi-bin/webscr?cmd=_express-checkout&token=EC-601681763M723402D",
            "notes": "{'name': 'PAYMENT_ALREADY_DONE', 'message': 'Payment has been done already for this cart.', 'information_link': 'https://developer.paypal.com/docs/api/payments/v1/#error-PAYMENT_ALREADY_DONE', 'debug_id': '76ef03c50055a'}"
        }
    },
    {
        "model": "payments.transaction",
        "pk": 55,
        "fields": {
            "user": 4,
            "order": 55,
            "phone_number": "254758053542",
            "amount": "2366.00",
            "timestamp": "2024-12-31T14:57:37.460Z",
            "receipt_number": null,
            "status": "Failed",
            "transaction_id": null,
            "description": null,
            "transaction_date": null,
            "payment_method": "paypal",
            "payment_url": null,
            "notes": "{'name': 'VALIDATION_ERROR', 'details': [{'field': 'transactions[0]', 'issue': 'Item amount must add up to specified amount subtotal (or total if amount details not specified)'}], 'message': 'Invalid request - see details', 'information_link': 'https://developer.paypal.com/docs/api/payments/v1/#error-VALIDATION_ERROR', 'debug_id': 'f8def3ce1e7a3'}"
        }
    },
    {
        "model": "payments.transaction",
        "pk": 56,
        "fields": {
            "user": 4,
            "order": 56,
            "phone_number": "254758053542",
            "amount": "4416.00",
            "timestamp": "2024-12-31T14:59:11.511Z",
            "receipt_number": "0NU953594S983571P",
            "status": "Failed",
            "transaction_id": "PAYID-M52ANQI39253192GC113345L",
            "description": null,
            "transaction_date": "2024-12-31T14:59:38.256Z",
            "payment_method": "paypal",
            "payment_url": "https://www.sandbox.paypal.com/cgi-bin/webscr?cmd=_express-checkout&token=EC-4MK616624T2974816",
            "notes": "{'name': 'PAYMENT_ALREADY_DONE', 'message': 'Payment has been done already for this cart.', 'information_link': 'https://developer.paypal.com/docs/api/payments/v1/#error-PAYMENT_ALREADY_DONE', 'debug_id': '2b1d9a6bb8fb6'}"
        }
    },
    {
        "model": "payments.transaction",
        "pk": 57,
        "fields": {
            "user": 4,
            "order": 57,
            "phone_number": "254758053542",
            "amount": "2838.00",
            "timestamp": "2024-12-31T15:04:08.567Z",
            "receipt_number": "0FL41021HL9272923",
            "status": "Success",
            "transaction_id": "PAYID-M52AP3I9D182532HF667345S",
            "description": null,
            "transaction_date": "2024-12-31T15:04:58.567Z",
            "payment_method": "paypal",
            "payment_url": "https://www.sandbox.paypal.com/cgi-bin/webscr?cmd=_express-checkout&token=EC-1P263840CT593905T",
            "notes": null
        }
    },
    {
        "model": "payments.transaction",
        "pk": 61,
        "fields": {
            "user": 4,
            "order": 61,
            "phone_number": "254758053542",
            "amount": "788.00",
            "timestamp": "2025-01-02T17:23:10.968Z",
            "receipt_number": "8S612399DG501531U",
            "status": "Success",
            "transaction_id": "PAYID-M53MXAI6W933495D24081446",
            "description": null,
            "transaction_date": "2025-01-02T17:45:48.934Z",
            "payment_method": "paypal",
            "payment_url": "https://www.sandbox.paypal.com/cgi-bin/webscr?cmd=_express-checkout&token=EC-8M660312H12323538",
            "notes": null
        }
    },
    {
        "model": "payments.transaction",
        "pk": 66,
        "fields": {
            "user": 4,
            "order": 66,
            "phone_number": "254758053542",
            "amount": "1577.00",
            "timestamp": "2025-01-02T18:31:02.913Z",
            "receipt_number": null,
            "status": "Pending",
            "transaction_id": "ws_CO_02012025213113568758053542",
            "description": null,
            "transaction_date": null,
            "payment_method": "mpesa",
            "payment_url": null,
            "notes": null
        }
    },
    {
        "model": "payments.transaction",
        "pk": 67,
        "fields": {
            "user": 4,
            "order": 67,
            "phone_number": "254758053542",
            "amount": "1577.00",
            "timestamp": "2025-01-02T18:31:45.572Z",
            "receipt_number": null,
            "status": "Failed",
            "transaction_id": null,
            "description": null,
            "transaction_date": null,
            "payment_method": "paypal",
            "payment_url": null,
            "notes": "{'name': 'VALIDATION_ERROR', 'details': [{'field': 'transactions[0]', 'issue': 'Item amount must add up to specified amount subtotal (or total if amount details not specified)'}], 'message': 'Invalid request - see details', 'information_link': 'https://developer.paypal.com/docs/api/payments/v1/#error-VALIDATION_ERROR', 'debug_id': '71e08b50e0c07'}"
        }
    },
    {
        "model": "payments.transaction",
        "pk": 68,
        "fields": {
            "user": 4,
            "order": 68,
            "phone_number": "254758053542",
            "amount": "1577.00",
            "timestamp": "2025-01-02T18:31:58.976Z",
            "receipt_number": null,
            "status": "Failed",
            "transaction_id": null,
            "description": null,
            "transaction_date": null,
            "payment_method": "paypal",
            "payment_url": null,
            "notes": "{'name': 'VALIDATION_ERROR', 'details': [{'field': 'transactions[0]', 'issue': 'Item amount must add up to specified amount subtotal (or total if amount details not specified)'}], 'message': 'Invalid request - see details', 'information_link': 'https://developer.paypal.com/docs/api/payments/v1/#error-VALIDATION_ERROR', 'debug_id': '56d1a46ff4f44'}"
        }
    },
    {
        "model": "payments.transaction",
        "pk": 69,
        "fields": {
            "user": 4,
            "order": 69,
            "phone_number": "254758053542",
            "amount": "1577.00",
            "timestamp": "2025-01-02T18:32:22.933Z",
            "receipt_number": null,
            "status": "Failed",
            "transaction_id": null,
            "description": null,
            "transaction_date": null,
            "payment_method": "paypal",
            "payment_url": null,
            "notes": "{'name': 'VALIDATION_ERROR', 'details': [{'field': 'transactions[0]', 'issue': 'Item amount must add up to specified amount subtotal (or total if amount details not specified)'}], 'message': 'Invalid request - see details', 'information_link': 'https://developer.paypal.com/docs/api/payments/v1/#error-VALIDATION_ERROR', 'debug_id': 'dbe9df527ec66'}"
        }
    },
    {
        "model": "payments.transaction",
        "pk": 74,
        "fields": {
            "user": 4,
            "order": 74,
            "phone_number": "254758053542",
            "amount": "2449.00",
            "timestamp": "2025-01-02T19:17:06.272Z",
            "receipt_number": null,
            "status": "Pending",
            "transaction_id": "PAYID-M53OMOQ6TK41011LG6176323",
            "description": null,
            "transaction_date": null,
            "payment_method": "paypal",
            "payment_url": "https://www.sandbox.paypal.com/cgi-bin/webscr?cmd=_express-checkout&token=EC-5FN31302H1091791F",
            "notes": null
        }
    },
    {
        "model": "payments.transaction",
        "pk": 80,
        "fields": {
            "user": 4,
            "order": 80,
            "phone_number": "254713283900",
            "amount": "2049.00",
            "timestamp": "2025-01-02T19:49:20.919Z",
            "receipt_number": null,
            "status": "Pending",
            "transaction_id": "ws_CO_02012025224923638713283900",
            "description": null,
            "transaction_date": null,
            "payment_method": "mpesa",
            "payment_url": null,
            "notes": null
        }
    },
    {
        "model": "payments.transaction",
        "pk": 81,
        "fields": {
            "user": 4,
            "order": 81,
            "phone_number": "254713283900",
            "amount": "2049.00",
            "timestamp": "2025-01-02T19:51:31.998Z",
            "receipt_number": null,
            "status": "Pending",
            "transaction_id": "ws_CO_02012025225130973713283900",
            "description": null,
            "transaction_date": null,
            "payment_method": "mpesa",
            "payment_url": null,
            "notes": null
        }
    },
    {
        "model": "payments.transaction",
        "pk": 82,
        "fields": {
            "user": 4,
            "order": 82,
            "phone_number": "254713283900",
            "amount": "2049.00",
            "timestamp": "2025-01-02T19:52:37.471Z",
            "receipt_number": null,
            "status": "Pending",
            "transaction_id": "ws_CO_02012025225236264713283900",
            "description": null,
            "transaction_date": null,
            "payment_method": "mpesa",
            "payment_url": null,
            "notes": null
        }
    },
    {
        "model": "payments.transaction",
        "pk": 83,
        "fields": {
            "user": 4,
            "order": 83,
            "phone_number": "254713283900",
            "amount": "2049.00",
            "timestamp": "2025-01-02T19:55:33.740Z",
            "receipt_number": null,
            "status": "Pending",
            "transaction_id": "ws_CO_02012025225632291713283900",
            "description": null,
            "transaction_date": null,
            "payment_method": "mpesa",
            "payment_url": null,
            "notes": null
        }
    },
    {
        "model": "payments.transaction",
        "pk": 85,
        "fields": {
            "user": 4,
            "order": 85,
            "phone_number": "254713283900",
            "amount": "2049.00",
            "timestamp": "2025-01-02T20:01:09.886Z",
            "receipt_number": null,
            "status": "Pending",
            "transaction_id": "ws_CO_02012025230208524713283900",
            "description": null,
            "transaction_date": null,
            "payment_method": "mpesa",
            "payment_url": null,
            "notes": null
        }
    },
    {
        "model": "payments.transaction",
        "pk": 87,
        "fields": {
            "user": 4,
            "order": 87,
            "phone_number": "254713283900",
            "amount": "2049.00",
            "timestamp": "2025-01-02T20:07:57.342Z",
            "receipt_number": null,
            "status": "Pending",
            "transaction_id": "ws_CO_02012025230755894713283900",
            "description": null,
            "transaction_date": null,
            "payment_method": "mpesa",
            "payment_url": null,
            "notes": null
        }
    },
    {
        "model": "payments.transaction",
        "pk": 88,
        "fields": {
            "user": 4,
            "order": 88,
            "phone_number": "254713283900",
            "amount": "2049.00",
            "timestamp": "2025-01-02T20:19:27.949Z",
            "receipt_number": null,
            "status": "Pending",
            "transaction_id": "ws_CO_02012025232026532713283900",
            "description": null,
            "transaction_date": null,
            "payment_method": "mpesa",
            "payment_url": null,
            "notes": null
        }
    },
    {
        "model": "payments.transaction",
        "pk": 89,
        "fields": {
            "user": 4,
            "order": 89,
            "phone_number": "254713283900",
            "amount": "2049.00",
            "timestamp": "2025-01-02T20:20:22.749Z",
            "receipt_number": null,
            "status": "Failed",
            "transaction_id": "ws_CO_02012025232021612713283900",
            "description": null,
            "transaction_date": null,
            "payment_method": "mpesa",
            "payment_url": null,
            "notes": null
        }
    },
    {
        "model": "payments.transaction",
        "pk": 90,
        "fields": {
            "user": 4,
            "order": 90,
            "phone_number": "254758053542",
            "amount": "2049.00",
            "timestamp": "2025-01-02T20:21:38.860Z",
            "receipt_number": null,
            "status": "Pending",
            "transaction_id": "ws_CO_02012025232236960758053542",
            "description": null,
            "transaction_date": null,
            "payment_method": "mpesa",
            "payment_url": null,
            "notes": null
        }
    },
    {
        "model": "payments.transaction",
        "pk": 91,
        "fields": {
            "user": 4,
            "order": 91,
            "phone_number": "254713283900",
            "amount": "2049.00",
            "timestamp": "2025-01-02T20:22:30.142Z",
            "receipt_number": null,
            "status": "Failed",
            "transaction_id": "ws_CO_02012025232328688713283900",
            "description": null,
            "transaction_date": null,
            "payment_method": "mpesa",
            "payment_url": null,
            "notes": null
        }
    },
    {
        "model": "payments.transaction",
        "pk": 92,
        "fields": {
            "user": 4,
            "order": 92,
            "phone_number": "254713283900",
            "amount": "2049.00",
            "timestamp": "2025-01-02T20:22:59.529Z",
            "receipt_number": null,
            "status": "Pending",
            "transaction_id": "ws_CO_02012025232358677713283900",
            "description": null,
            "transaction_date": null,
            "payment_method": "mpesa",
            "payment_url": null,
            "notes": null
        }
    },
    {
        "model": "payments.transaction",
        "pk": 93,
        "fields": {
            "user": 4,
            "order": 93,
            "phone_number": "254758053542",
            "amount": "2049.00",
            "timestamp": "2025-01-02T20:24:04.820Z",
            "receipt_number": null,
            "status": "Pending",
            "transaction_id": "ws_CO_02012025232503034758053542",
            "description": null,
            "transaction_date": null,
            "payment_method": "mpesa",
            "payment_url": null,
            "notes": null
        }
    },
    {
        "model": "payments.transaction",
        "pk": 94,
        "fields": {
            "user": 4,
            "order": 94,
            "phone_number": "254758053542",
            "amount": "2049.00",
            "timestamp": "2025-01-02T20:25:45.306Z",
            "receipt_number": null,
            "status": "Pending",
            "transaction_id": "ws_CO_02012025232544681758053542",
            "description": null,
            "transaction_date": null,
            "payment_method": "mpesa",
            "payment_url": null,
            "notes": null
        }
    },
    {
        "model": "payments.transaction",
        "pk": 95,
        "fields": {
            "user": 4,
            "order": 95,
            "phone_number": "254713283900",
            "amount": "2049.00",
            "timestamp": "2025-01-02T20:27:15.201Z",
            "receipt_number": null,
            "status": "Failed",
            "transaction_id": "ws_CO_02012025232814082713283900",
            "description": null,
            "transaction_date": null,
            "payment_method": "mpesa",
            "payment_url": null,
            "notes": null
        }
    },
    {
        "model": "payments.transaction",
        "pk": 96,
        "fields": {
            "user": 4,
            "order": 96,
            "phone_number": "254713283900",
            "amount": "2049.00",
            "timestamp": "2025-01-02T20:27:44.737Z",
            "receipt_number": null,
            "status": "Pending",
            "transaction_id": "ws_CO_02012025232843955713283900",
            "description": null,
            "transaction_date": null,
            "payment_method": "mpesa",
            "payment_url": null,
            "notes": null
        }
    },
    {
        "model": "payments.transaction",
        "pk": 97,
        "fields": {
            "user": 4,
            "order": 97,
            "phone_number": "254713283900",
            "amount": "2049.00",
            "timestamp": "2025-01-02T20:28:22.264Z",
            "receipt_number": null,
            "status": "Failed",
            "transaction_id": "ws_CO_02012025232821223713283900",
            "description": null,
            "transaction_date": null,
            "payment_method": "mpesa",
            "payment_url": null,
            "notes": null
        }
    },
    {
        "model": "payments.transaction",
        "pk": 98,
        "fields": {
            "user": 4,
            "order": 98,
            "phone_number": "254758053542",
            "amount": "2049.00",
            "timestamp": "2025-01-02T20:35:22.183Z",
            "receipt_number": null,
            "status": "Failed",
            "transaction_id": "ws_CO_02012025233521302758053542",
            "description": null,
            "transaction_date": null,
            "payment_method": "mpesa",
            "payment_url": null,
            "notes": null
        }
    },
    {
        "model": "payments.transaction",
        "pk": 99,
        "fields": {
            "user": 4,
            "order": 99,
            "phone_number": "254758053542",
            "amount": "2049.00",
            "timestamp": "2025-01-02T20:37:50.250Z",
            "receipt_number": null,
            "status": "Pending",
            "transaction_id": "ws_CO_02012025233748974758053542",
            "description": null,
            "transaction_date": null,
            "payment_method": "mpesa",
            "payment_url": null,
            "notes": null
        }
    },
    {
        "model": "payments.transaction",
        "pk": 100,
        "fields": {
            "user": 4,
            "order": 100,
            "phone_number": "254758053542",
            "amount": "2049.00",
            "timestamp": "2025-01-02T20:39:28.893Z",
            "receipt_number": null,
            "status": "Failed",
            "transaction_id": "ws_CO_02012025234027039758053542",
            "description": null,
            "transaction_date": null,
            "payment_method": "mpesa",
            "payment_url": null,
            "notes": null
        }
    },
    {
        "model": "payments.transaction",
        "pk": 101,
        "fields": {
            "user": 4,
            "order": 101,
            "phone_number": "254758053542",
            "amount": "2049.00",
            "timestamp": "2025-01-02T20:40:51.529Z",
            "receipt_number": null,
            "status": "Pending",
            "transaction_id": "ws_CO_02012025234149660758053542",
            "description": null,
            "transaction_date": null,
            "payment_method": "mpesa",
            "payment_url": null,
            "notes": null
        }
    },
    {
        "model": "payments.transaction",
        "pk": 102,
        "fields": {
            "user": 4,
            "order": 102,
            "phone_number": "254758053542",
            "amount": "2049.00",
            "timestamp": "2025-01-02T20:53:29.711Z",
            "receipt_number": null,
            "status": "Failed",
            "transaction_id": "ws_CO_02012025235431007758053542",
            "description": null,
            "transaction_date": null,
            "payment_method": "mpesa",
            "payment_url": null,
            "notes": null
        }
    },
    {
        "model": "payments.transaction",
        "pk": 103,
        "fields": {
            "user": 4,
            "order": 103,
            "phone_number": "254758053542",
            "amount": "2049.00",
            "timestamp": "2025-01-02T20:54:04.350Z",
            "receipt_number": null,
            "status": "Pending",
            "transaction_id": "ws_CO_02012025235504330758053542",
            "description": null,
            "transaction_date": null,
            "payment_method": "mpesa",
            "payment_url": null,
            "notes": null
        }
    },
    {
        "model": "payments.transaction",
        "pk": 104,
        "fields": {
            "user": 4,
            "order": 104,
            "phone_number": "254758053542",
            "amount": "5524.00",
            "timestamp": "2025-01-02T21:48:36.849Z",
            "receipt_number": "19V96751M5850021U",
            "status": "Success",
            "transaction_id": "PAYID-M53QTPA6BW25133NV297540U",
            "description": null,
            "transaction_date": "2025-01-02T21:49:05.337Z",
            "payment_method": "paypal",
            "payment_url": "https://www.sandbox.paypal.com/cgi-bin/webscr?cmd=_express-checkout&token=EC-7B235393A4846311W",
            "notes": null
        }
    },
    {
        "model": "payments.transaction",
        "pk": 105,
        "fields": {
            "user": 4,
            "order": 105,
            "phone_number": "254758053542",
            "amount": "5524.00",
            "timestamp": "2025-01-02T21:53:02.710Z",
            "receipt_number": "1TJ129315N338932L",
            "status": "Success",
            "transaction_id": "PAYID-M53QVQQ3E8308768L164545A",
            "description": null,
            "transaction_date": "2025-01-02T21:53:25.584Z",
            "payment_method": "paypal",
            "payment_url": "https://www.sandbox.paypal.com/cgi-bin/webscr?cmd=_express-checkout&token=EC-5TY53924SG929194P",
            "notes": null
        }
    },
    {
        "model": "payments.transaction",
        "pk": 106,
        "fields": {
            "user": 4,
            "order": 106,
            "phone_number": "254758053542",
            "amount": "5524.00",
            "timestamp": "2025-01-02T21:53:42.624Z",
            "receipt_number": null,
            "status": "Pending",
            "transaction_id": "ws_CO_03012025005443896758053542",
            "description": null,
            "transaction_date": null,
            "payment_method": "mpesa",
            "payment_url": null,
            "notes": null
        }
    },
    {
        "model": "payments.transaction",
        "pk": 107,
        "fields": {
            "user": 4,
            "order": 107,
            "phone_number": "254758053542",
            "amount": "5524.00",
            "timestamp": "2025-01-02T21:54:30.301Z",
            "receipt_number": null,
            "status": "Pending",
            "transaction_id": "ws_CO_03012025005429521758053542",
            "description": null,
            "transaction_date": null,
            "payment_method": "mpesa",
            "payment_url": null,
            "notes": null
        }
    },
    {
        "model": "payments.transaction",
        "pk": 108,
        "fields": {
            "user": 4,
            "order": 108,
            "phone_number": "254758053542",
            "amount": "5524.00",
            "timestamp": "2025-01-02T21:55:08.711Z",
            "receipt_number": null,
            "status": "Failed",
            "transaction_id": "ws_CO_03012025005507833758053542",
            "description": null,
            "transaction_date": null,
            "payment_method": "mpesa",
            "payment_url": null,
            "notes": null
        }
    },
    {
        "model": "payments.transaction",
        "pk": 109,
        "fields": {
            "user": 4,
            "order": 109,
            "phone_number": "254758053542",
            "amount": "5524.00",
            "timestamp": "2025-01-02T21:55:29.480Z",
            "receipt_number": null,
            "status": "Pending",
            "transaction_id": "ws_CO_03012025005528199758053542",
            "description": null,
            "transaction_date": null,
            "payment_method": "mpesa",
            "payment_url": null,
            "notes": null
        }
    },
    {
        "model": "blogs.blogcategory",
        "pk": 1,
        "fields": {
            "category": "Corporate"
        }
    },
    {
        "model": "blogs.blogcategory",
        "pk": 2,
        "fields": {
            "category": "Creative"
        }
    },
    {
        "model": "blogs.blogcategory",
        "pk": 3,
        "fields": {
            "category": "Design"
        }
    },
    {
        "model": "blogs.blogcategory",
        "pk": 4,
        "fields": {
            "category": "News"
        }
    },
    {
        "model": "blogs.blogcategory",
        "pk": 5,
        "fields": {
            "category": "Photography"
        }
    },
    {
        "model": "blogs.blog",
        "pk": 1,
        "fields": {
            "title": "Your Life is an extraordinary Adventure",
            "author": "Joseph Indieka",
            "category": 1,
            "slug": "your-life-is-an-extraordinary-adventure",
            "image": "blog_images/blog-01.jpg",
            "date_posted": "2024-12-09T00:00:00Z",
            "content": "Lorem ipsum dolor sit amet, consectetur adipisicing elit. Ab aliquam aliquid, architecto corporis enim eum exercitationem fugit harum iste laudantium maxime nam non ratione reiciendis repellendus repudiandae soluta, velit veritatis. Lorem ipsum dolor sit amet, consectetur adipisicing elit. At autem beatae, consequuntur dolores inventore laboriosam maiores necessitatibus neque odit quisquam ratione rerum sequi unde veniam veritatis, voluptatem, voluptatibus. Amet, dicta?\r\n\r\nLorem ipsum dolor sit amet, consectetur adipisicing elit. Alias commodi corporis cum cumque deserunt expedita explicabo id ipsa nemo officia praesentium quidem, sed, sint soluta sunt tenetur voluptas! Quaerat, reiciendis!\r\n\r\nLorem ipsum dolor sit amet, consectetur adipisicing elit. Ab aliquam aliquid, architecto corporis enim eum exercitationem fugit harum iste laudantium maxime nam non ratione reiciendis repellendus repudiandae soluta, velit veritatis. Lorem ipsum dolor sit amet, consectetur adipisicing elit. At autem beatae, consequuntur dolores inventore laboriosam maiores necessitatibus neque odit quisquam ratione rerum sequi unde veniam veritatis, voluptatem, voluptatibus. Amet, dicta?\r\n\r\nLorem ipsum dolor sit amet, consectetur adipisicing elit. Ab aliquam aliquid, architecto corporis enim eum exercitationem fugit harum iste laudantium maxime nam non ratione reiciendis repellendus repudiandae soluta, velit veritatis. Lorem ipsum dolor sit amet, consectetur adipisicing elit. At autem beatae, consequuntur dolores inventore laboriosam maiores necessitatibus neque odit quisquam ratione rerum sequi unde veniam veritatis, voluptatem, voluptatibus. Amet, dicta?\r\n\r\nLorem ipsum dolor sit amet, consectetur adipisicing elit. Ab aliquam aliquid, architecto corporis enim eum exercitationem fugit harum iste laudantium maxime nam non ratione reiciendis repellendus repudiandae soluta, velit veritatis. Lorem ipsum dolor sit amet, consectetur adipisicing elit. At autem beatae, consequuntur dolores inventore laboriosam maiores necessitatibus neque odit quisquam ratione rerum sequi unde veniam veritatis, voluptatem, voluptatibus. Amet, dicta?\r\n\r\nLorem ipsum dolor sit amet, consectetur adipisicing elit. Ab aliquam aliquid, architecto corporis enim eum exercitationem fugit harum iste laudantium maxime nam non ratione reiciendis repellendus repudiandae soluta, velit veritatis. Lorem ipsum dolor sit amet, consectetur adipisicing elit. At autem beatae, consequuntur dolores inventore laboriosam maiores necessitatibus neque odit quisquam ratione rerum sequi unde veniam veritatis, voluptatem, voluptatibus. Amet, dicta?\r\n\r\nLorem ipsum dolor sit amet, consectetur adipisicing elit. Ab aliquam aliquid, architecto corporis enim eum exercitationem fugit harum iste laudantium maxime nam non ratione reiciendis repellendus repudiandae soluta, velit veritatis. Lorem ipsum dolor sit amet, consectetur adipisicing elit. At autem beatae, consequuntur dolores inventore laboriosam maiores necessitatibus neque odit quisquam ratione rerum sequi unde veniam veritatis, voluptatem, voluptatibus. Amet, dicta?"
        }
    },
    {
        "model": "blogs.blog",
        "pk": 2,
        "fields": {
            "title": "Be More Confident in 30 Seconds",
            "author": "John Ndi",
            "category": 2,
            "slug": "be-more-confident-in-30-seconds",
            "image": "blog_images/blog-02.jpg",
            "date_posted": "2024-12-10T00:00:00Z",
            "content": "Lorem ipsum dolor sit amet, consectetur adipisicing elit. Ab aliquam aliquid, architecto corporis enim eum exercitationem fugit harum iste laudantium maxime nam non ratione reiciendis repellendus repudiandae soluta, velit veritatis. Lorem ipsum dolor sit amet, consectetur adipisicing elit. At autem beatae, consequuntur dolores inventore laboriosam maiores necessitatibus neque odit quisquam ratione rerum sequi unde veniam veritatis, voluptatem, voluptatibus. Amet, dicta?\r\n\r\nLorem ipsum dolor sit amet, consectetur adipisicing elit. Alias commodi corporis cum cumque deserunt expedita explicabo id ipsa nemo officia praesentium quidem, sed, sint soluta sunt tenetur voluptas! Quaerat, reiciendis!\r\n\r\nLorem ipsum dolor sit amet, consectetur adipisicing elit. Ab aliquam aliquid, architecto corporis enim eum exercitationem fugit harum iste laudantium maxime nam non ratione reiciendis repellendus repudiandae soluta, velit veritatis. Lorem ipsum dolor sit amet, consectetur adipisicing elit. At autem beatae, consequuntur dolores inventore laboriosam maiores necessitatibus neque odit quisquam ratione rerum sequi unde veniam veritatis, voluptatem, voluptatibus. Amet, dicta?\r\n\r\nLorem ipsum dolor sit amet, consectetur adipisicing elit. Ab aliquam aliquid, architecto corporis enim eum exercitationem fugit harum iste laudantium maxime nam non ratione reiciendis repellendus repudiandae soluta, velit veritatis. Lorem ipsum dolor sit amet, consectetur adipisicing elit. At autem beatae, consequuntur dolores inventore laboriosam maiores necessitatibus neque odit quisquam ratione rerum sequi unde veniam veritatis, voluptatem, voluptatibus. Amet, dicta?\r\n\r\nLorem ipsum dolor sit amet, consectetur adipisicing elit. Ab aliquam aliquid, architecto corporis enim eum exercitationem fugit harum iste laudantium maxime nam non ratione reiciendis repellendus repudiandae soluta, velit veritatis. Lorem ipsum dolor sit amet, consectetur adipisicing elit. At autem beatae, consequuntur dolores inventore laboriosam maiores necessitatibus neque odit quisquam ratione rerum sequi unde veniam veritatis, voluptatem, voluptatibus. Amet, dicta?\r\n\r\nLorem ipsum dolor sit amet, consectetur adipisicing elit. Ab aliquam aliquid, architecto corporis enim eum exercitationem fugit harum iste laudantium maxime nam non ratione reiciendis repellendus repudiandae soluta, velit veritatis. Lorem ipsum dolor sit amet, consectetur adipisicing elit. At autem beatae, consequuntur dolores inventore laboriosam maiores necessitatibus neque odit quisquam ratione rerum sequi unde veniam veritatis, voluptatem, voluptatibus. Amet, dicta?\r\n\r\nLorem ipsum dolor sit amet, consectetur adipisicing elit. Ab aliquam aliquid, architecto corporis enim eum exercitationem fugit harum iste laudantium maxime nam non ratione reiciendis repellendus repudiandae soluta, velit veritatis. Lorem ipsum dolor sit amet, consectetur adipisicing elit. At autem beatae, consequuntur dolores inventore laboriosam maiores necessitatibus neque odit quisquam ratione rerum sequi unde veniam veritatis, voluptatem, voluptatibus. Amet, dicta?"
        }
    },
    {
        "model": "blogs.blog",
        "pk": 3,
        "fields": {
            "title": "Bury A Body With Me",
            "author": "Admin Karen",
            "category": 3,
            "slug": "bury-a-body-with-me",
            "image": "blog_images/blog-03.jpg",
            "date_posted": "2024-12-11T00:00:00Z",
            "content": "Lorem ipsum dolor sit amet, consectetur adipisicing elit. Ab aliquam aliquid, architecto corporis enim eum exercitationem fugit harum iste laudantium maxime nam non ratione reiciendis repellendus repudiandae soluta, velit veritatis. Lorem ipsum dolor sit amet, consectetur adipisicing elit. At autem beatae, consequuntur dolores inventore laboriosam maiores necessitatibus neque odit quisquam ratione rerum sequi unde veniam veritatis, voluptatem, voluptatibus. Amet, dicta?\r\n\r\nLorem ipsum dolor sit amet, consectetur adipisicing elit. Alias commodi corporis cum cumque deserunt expedita explicabo id ipsa nemo officia praesentium quidem, sed, sint soluta sunt tenetur voluptas! Quaerat, reiciendis!\r\n\r\nLorem ipsum dolor sit amet, consectetur adipisicing elit. Ab aliquam aliquid, architecto corporis enim eum exercitationem fugit harum iste laudantium maxime nam non ratione reiciendis repellendus repudiandae soluta, velit veritatis. Lorem ipsum dolor sit amet, consectetur adipisicing elit. At autem beatae, consequuntur dolores inventore laboriosam maiores necessitatibus neque odit quisquam ratione rerum sequi unde veniam veritatis, voluptatem, voluptatibus. Amet, dicta?\r\n\r\nLorem ipsum dolor sit amet, consectetur adipisicing elit. Ab aliquam aliquid, architecto corporis enim eum exercitationem fugit harum iste laudantium maxime nam non ratione reiciendis repellendus repudiandae soluta, velit veritatis. Lorem ipsum dolor sit amet, consectetur adipisicing elit. At autem beatae, consequuntur dolores inventore laboriosam maiores necessitatibus neque odit quisquam ratione rerum sequi unde veniam veritatis, voluptatem, voluptatibus. Amet, dicta?\r\n\r\nLorem ipsum dolor sit amet, consectetur adipisicing elit. Ab aliquam aliquid, architecto corporis enim eum exercitationem fugit harum iste laudantium maxime nam non ratione reiciendis repellendus repudiandae soluta, velit veritatis. Lorem ipsum dolor sit amet, consectetur adipisicing elit. At autem beatae, consequuntur dolores inventore laboriosam maiores necessitatibus neque odit quisquam ratione rerum sequi unde veniam veritatis, voluptatem, voluptatibus. Amet, dicta?\r\n\r\nLorem ipsum dolor sit amet, consectetur adipisicing elit. Ab aliquam aliquid, architecto corporis enim eum exercitationem fugit harum iste laudantium maxime nam non ratione reiciendis repellendus repudiandae soluta, velit veritatis. Lorem ipsum dolor sit amet, consectetur adipisicing elit. At autem beatae, consequuntur dolores inventore laboriosam maiores necessitatibus neque odit quisquam ratione rerum sequi unde veniam veritatis, voluptatem, voluptatibus. Amet, dicta?\r\n\r\nLorem ipsum dolor sit amet, consectetur adipisicing elit. Ab aliquam aliquid, architecto corporis enim eum exercitationem fugit harum iste laudantium maxime nam non ratione reiciendis repellendus repudiandae soluta, velit veritatis. Lorem ipsum dolor sit amet, consectetur adipisicing elit. At autem beatae, consequuntur dolores inventore laboriosam maiores necessitatibus neque odit quisquam ratione rerum sequi unde veniam veritatis, voluptatem, voluptatibus. Amet, dicta?"
        }
    },
    {
        "model": "blogs.blog",
        "pk": 4,
        "fields": {
            "title": "Everything Must Die",
            "author": "Joseph Indieka",
            "category": 1,
            "slug": "everything-must-die",
            "image": "blog_images/blog-04.jpg",
            "date_posted": "2024-12-12T00:00:00Z",
            "content": "Lorem ipsum dolor sit amet, consectetur adipisicing elit. Ab aliquam aliquid, architecto corporis enim eum exercitationem fugit harum iste laudantium maxime nam non ratione reiciendis repellendus repudiandae soluta, velit veritatis. Lorem ipsum dolor sit amet, consectetur adipisicing elit. At autem beatae, consequuntur dolores inventore laboriosam maiores necessitatibus neque odit quisquam ratione rerum sequi unde veniam veritatis, voluptatem, voluptatibus. Amet, dicta?\r\n\r\nLorem ipsum dolor sit amet, consectetur adipisicing elit. Alias commodi corporis cum cumque deserunt expedita explicabo id ipsa nemo officia praesentium quidem, sed, sint soluta sunt tenetur voluptas! Quaerat, reiciendis!\r\n\r\nLorem ipsum dolor sit amet, consectetur adipisicing elit. Ab aliquam aliquid, architecto corporis enim eum exercitationem fugit harum iste laudantium maxime nam non ratione reiciendis repellendus repudiandae soluta, velit veritatis. Lorem ipsum dolor sit amet, consectetur adipisicing elit. At autem beatae, consequuntur dolores inventore laboriosam maiores necessitatibus neque odit quisquam ratione rerum sequi unde veniam veritatis, voluptatem, voluptatibus. Amet, dicta?\r\n\r\nLorem ipsum dolor sit amet, consectetur adipisicing elit. Ab aliquam aliquid, architecto corporis enim eum exercitationem fugit harum iste laudantium maxime nam non ratione reiciendis repellendus repudiandae soluta, velit veritatis. Lorem ipsum dolor sit amet, consectetur adipisicing elit. At autem beatae, consequuntur dolores inventore laboriosam maiores necessitatibus neque odit quisquam ratione rerum sequi unde veniam veritatis, voluptatem, voluptatibus. Amet, dicta?\r\n\r\nLorem ipsum dolor sit amet, consectetur adipisicing elit. Ab aliquam aliquid, architecto corporis enim eum exercitationem fugit harum iste laudantium maxime nam non ratione reiciendis repellendus repudiandae soluta, velit veritatis. Lorem ipsum dolor sit amet, consectetur adipisicing elit. At autem beatae, consequuntur dolores inventore laboriosam maiores necessitatibus neque odit quisquam ratione rerum sequi unde veniam veritatis, voluptatem, voluptatibus. Amet, dicta?\r\n\r\nLorem ipsum dolor sit amet, consectetur adipisicing elit. Ab aliquam aliquid, architecto corporis enim eum exercitationem fugit harum iste laudantium maxime nam non ratione reiciendis repellendus repudiandae soluta, velit veritatis. Lorem ipsum dolor sit amet, consectetur adipisicing elit. At autem beatae, consequuntur dolores inventore laboriosam maiores necessitatibus neque odit quisquam ratione rerum sequi unde veniam veritatis, voluptatem, voluptatibus. Amet, dicta?\r\n\r\nLorem ipsum dolor sit amet, consectetur adipisicing elit. Ab aliquam aliquid, architecto corporis enim eum exercitationem fugit harum iste laudantium maxime nam non ratione reiciendis repellendus repudiandae soluta, velit veritatis. Lorem ipsum dolor sit amet, consectetur adipisicing elit. At autem beatae, consequuntur dolores inventore laboriosam maiores necessitatibus neque odit quisquam ratione rerum sequi unde veniam veritatis, voluptatem, voluptatibus. Amet, dicta?"
        }
    },
    {
        "model": "blogs.comment",
        "pk": 1,
        "fields": {
            "full_name": "JACTON OMBIMA",
            "email": "ombimaja@gmail.com",
            "website": null,
            "blog": 1,
            "added_at": "2024-12-10T16:46:42.170Z",
            "text": "Good blog"
        }
    },
    {
        "model": "blogs.comment",
        "pk": 2,
        "fields": {
            "full_name": "JACTON OMBIMA",
            "email": "ombimaja@gmail.com",
            "website": null,
            "blog": 1,
            "added_at": "2024-12-10T16:50:24.081Z",
            "text": "Good blog"
        }
    }
]